h_2_0,h_2_1,h_2_2,h_2_3,h_2_4,h_2_5,h_2_6,h_2_7,h_2_8,h_2_9,h_2_10,h_2_11,h_2_12,h_2_13,h_2_14
0.27037784,-0.42009783,0.68513286,-0.49660623,-0.499699,-0.69990176,-0.43333185,0.6355752,0.70185107,0.28668624,0.67491555,0.4931908,0.5621897,-0.66091526,-0.57936174
-0.13741322,0.3999393,-0.81406516,0.72846764,0.19201167,0.7410903,-0.037668753,-0.76915216,-0.43730268,-0.084437296,-0.81949687,0.020488886,-0.5863305,0.92602354,-0.121741205
0.25531688,-0.35007423,0.6702453,-0.52688205,-0.41518563,-0.67607147,-0.42392206,0.6161891,0.69446826,0.26949468,0.67330575,0.48129305,0.5463374,-0.6650795,-0.55333644
0.25623983,-0.41020682,0.59429914,-0.4295662,-0.4311123,-0.6414163,-0.4007653,0.6012346,0.6502077,0.33395085,0.5749322,0.5125423,0.5028056,-0.5251456,-0.56832004
0.27398658,-0.47879612,0.6562069,-0.42133984,-0.5493322,-0.6873602,-0.4251419,0.6328606,0.68308395,0.30627814,0.62413114,0.5058106,0.5563061,-0.59536594,-0.57160467
0.2849693,-0.48470756,0.69902474,-0.4645979,-0.57483524,-0.7215262,-0.44219944,0.653519,0.7083431,0.30287364,0.67596996,0.5041908,0.5771844,-0.6562606,-0.6034509
0.23199277,-0.33483014,0.57338315,-0.44560423,-0.35118145,-0.59615266,-0.38862556,0.5703474,0.63998115,0.27631736,0.5628764,0.4846255,0.5006045,-0.53711486,-0.48209545
-0.2283901,0.39563012,-0.8260105,0.73638165,0.12430775,0.9090789,-0.07951312,-0.685476,-0.21478614,-0.3935015,-0.73019844,-0.1438022,-0.4588926,0.89086807,0.5581443
0.17745179,-0.33157852,0.44922993,-0.2985516,-0.3268475,-0.43425405,-0.36036953,0.4787331,0.5701182,0.21370941,0.40650612,0.46294823,0.41376886,-0.33403972,-0.35948712
-0.39634174,0.6847479,-0.89735126,0.8528433,0.38964128,0.96125567,-0.030453788,-0.8960003,-0.71446574,-0.601439,-0.8831524,-0.20698497,-0.7029587,0.96144795,0.56192267
0.25890955,-0.336213,0.5244002,-0.3666038,-0.44408375,-0.5947878,-0.4243847,0.4842379,0.6103499,0.26331344,0.51543087,0.4775344,0.49954143,-0.48561937,-0.54756576
-0.35593846,0.679707,-0.92447424,0.7645507,0.59397984,0.9571948,0.0015216754,-0.813013,-0.56276846,-0.49239865,-0.87042433,-0.1444392,-0.6172702,0.9392186,0.6661004
0.25531688,-0.35007423,0.6702453,-0.52688205,-0.41518563,-0.67607147,-0.42392206,0.6161891,0.69446826,0.26949468,0.67330575,0.48129305,0.5463374,-0.6650795,-0.55333644
0.23199277,-0.33483014,0.57338315,-0.44560423,-0.35118145,-0.59615266,-0.38862556,0.5703474,0.63998115,0.27631736,0.5628764,0.4846255,0.5006045,-0.53711486,-0.48209545
0.2849693,-0.48470756,0.69902474,-0.4645979,-0.57483524,-0.7215262,-0.44219944,0.653519,0.7083431,0.30287364,0.67596996,0.5041908,0.5771844,-0.6562606,-0.6034509
0.2849693,-0.48470756,0.69902474,-0.4645979,-0.57483524,-0.7215262,-0.44219944,0.653519,0.7083431,0.30287364,0.67596996,0.5041908,0.5771844,-0.6562606,-0.6034509
0.26270863,-0.47270048,0.6081991,-0.3757151,-0.52236724,-0.6492273,-0.40734625,0.6109244,0.6553616,0.30918717,0.5655546,0.5071492,0.5342371,-0.52613956,-0.53745264
-0.4012319,0.8383173,-0.93876743,0.770517,0.7016049,0.9608955,0.07568366,-0.88091433,-0.7132224,-0.52159584,-0.879751,-0.25154608,-0.63583386,0.95928586,0.6112919
-0.5523177,0.80830073,-0.98276985,0.94009894,0.7428267,0.9914707,0.22698498,-0.9495256,-0.9100634,-0.6844211,-0.97752464,-0.2952689,-0.8625129,0.992641,0.7755019
-0.2853479,0.36559013,-0.9131262,0.82487804,0.26101038,0.9462563,-0.06421957,-0.7564644,-0.47645393,-0.42979816,-0.88419414,-0.026996205,-0.5589266,0.9435034,0.6502319
0.18476667,-0.2909956,0.496806,-0.2602273,-0.43582428,-0.4889716,-0.32956874,0.45764363,0.554549,0.19320795,0.4577861,0.38989097,0.4241216,-0.31080303,-0.47804552
0.2475424,-0.34547195,0.6679238,-0.51028323,-0.4250389,-0.6594111,-0.42106086,0.60605544,0.69219005,0.22729231,0.66485626,0.46405393,0.5601207,-0.6698046,-0.4938628
-0.23744482,0.27354616,-0.8401693,0.71915954,0.17238027,0.87211025,-0.12733427,-0.65011096,-0.40025902,-0.27870867,-0.82963175,0.13171901,-0.39665395,0.9176951,0.40034825
0.26270863,-0.47270048,0.6081991,-0.3757151,-0.52236724,-0.6492273,-0.40734625,0.6109244,0.6553616,0.30918717,0.5655546,0.5071492,0.5342371,-0.52613956,-0.53745264
-0.07358396,0.026219124,-0.7464356,0.6070158,0.1504757,0.7002353,-0.1707087,-0.44624177,-0.23987964,-0.06994341,-0.765911,0.31171146,-0.2769441,0.82217944,0.24629773
0.104072,-0.13709061,-0.28527725,0.22645022,-0.18601736,0.1997893,-0.2925417,0.0028021783,0.28322604,0.091296814,-0.21228027,0.3363319,0.11051555,0.31671873,-0.06238892
0.14647,-0.34323204,0.44274685,-0.23993193,-0.36936095,-0.3632185,-0.36991355,0.43510073,0.5645229,0.14324355,0.38657454,0.4375853,0.3751684,-0.28950718,-0.31453758
-0.25041065,0.07201337,-0.54981846,0.53373325,0.14747398,0.60807407,-0.11056198,-0.25299555,-0.39441344,-0.38540444,-0.657708,0.25933337,-0.3814493,0.62443125,0.14390093
0.21789882,-0.42104116,0.45196104,-0.16002864,-0.49396157,-0.47990578,-0.32581386,0.4796702,0.5514456,0.2460002,0.3657174,0.43204525,0.44231766,-0.23034751,-0.40243584
0.1917482,-0.35967246,0.38411808,0.00216138,-0.52501667,-0.3671095,-0.25992408,0.34726858,0.48726296,0.18287534,0.2803691,0.32063517,0.3514785,-0.006346319,-0.37485787
0.23574392,-0.3994553,0.5363678,-0.36538288,-0.40998864,-0.5796429,-0.37963888,0.5673047,0.61748755,0.29581386,0.49899995,0.49746582,0.4939858,-0.4548028,-0.47300708
0.27037784,-0.42009783,0.68513286,-0.49660623,-0.499699,-0.69990176,-0.43333185,0.6355752,0.70185107,0.28668624,0.67491555,0.4931908,0.5621897,-0.66091526,-0.57936174
0.2849693,-0.48470756,0.69902474,-0.4645979,-0.57483524,-0.7215262,-0.44219944,0.653519,0.7083431,0.30287364,0.67596996,0.5041908,0.5771844,-0.6562606,-0.6034509
0.27398658,-0.47879612,0.6562069,-0.42133984,-0.5493322,-0.6873602,-0.4251419,0.6328606,0.68308395,0.30627814,0.62413114,0.5058106,0.5563061,-0.59536594,-0.57160467
0.27037784,-0.42009783,0.68513286,-0.49660623,-0.499699,-0.69990176,-0.43333185,0.6355752,0.70185107,0.28668624,0.67491555,0.4931908,0.5621897,-0.66091526,-0.57936174
-0.2458377,0.51744056,-0.84691,0.6282553,0.45192927,0.91130924,-0.107070856,-0.6963391,-0.27080405,-0.3763956,-0.7677197,-0.038103998,-0.44787258,0.8785766,0.60562086
0.23810074,-0.4902167,0.63226897,-0.2923139,-0.63074774,-0.59068227,-0.45638916,0.51716715,0.6733844,0.17038555,0.5861121,0.44665584,0.48545635,-0.5172166,-0.5213229
0.070431426,-0.15938383,0.111737564,-0.053510144,-0.17856786,-0.09887204,-0.29556066,0.2495656,0.34441128,0.06107112,0.07373721,0.3896954,0.23509113,-0.00014795361,-0.20741142
0.23574392,-0.3994553,0.5363678,-0.36538288,-0.40998864,-0.5796429,-0.37963888,0.5673047,0.61748755,0.29581386,0.49899995,0.49746582,0.4939858,-0.4548028,-0.47300708
0.23934624,-0.45989367,0.49621084,-0.27829665,-0.46422452,-0.56059796,-0.36985236,0.56322765,0.59238374,0.31376508,0.42814884,0.5090105,0.48667264,-0.36351836,-0.46245036
-0.18097208,0.32842568,-0.878337,0.7304213,0.27973527,0.905936,-0.014436202,-0.6479514,-0.20089145,-0.23761395,-0.8240129,-0.07133996,-0.39697653,0.91740644,0.6550191
-0.5083847,0.62276757,-0.9499177,0.92954534,0.4261521,0.96875507,0.10680747,-0.91333914,-0.87673116,-0.6864762,-0.96250266,-0.1608752,-0.84873533,0.9814494,0.5533506
-0.40640548,0.64890015,-0.96975446,0.91752845,0.6842507,0.976773,0.18283312,-0.91835296,-0.8609904,-0.57823205,-0.9704518,-0.16116782,-0.8734501,0.9830468,0.5499398
-0.47122985,0.7750242,-0.9639965,0.92269194,0.5822579,0.9883789,0.13520731,-0.9389251,-0.8314362,-0.67987335,-0.94651604,-0.36925113,-0.79457045,0.98503554,0.7876538
0.23934624,-0.45989367,0.49621084,-0.27829665,-0.46422452,-0.56059796,-0.36985236,0.56322765,0.59238374,0.31376508,0.42814884,0.5090105,0.48667264,-0.36351836,-0.46245036
0.18673249,-0.29581067,0.32938763,-0.21970613,-0.42662272,-0.35100168,-0.37890178,0.4650791,0.61816996,0.19921182,0.43716624,0.38708362,0.42364964,-0.3541233,-0.34566498
0.19995792,-0.2847645,0.47437504,-0.29216588,-0.3534023,-0.46959484,-0.3255835,0.46044236,0.570997,0.21148942,0.43953073,0.40768424,0.43259135,-0.33774048,-0.38338652
0.2216445,-0.4645522,0.5843329,-0.2642595,-0.570739,-0.56192136,-0.39593148,0.53568894,0.6336846,0.20724863,0.5228679,0.44411936,0.47933745,-0.43168202,-0.4728463
0.22007616,-0.3272169,0.51692516,-0.4012478,-0.31748438,-0.5499796,-0.36987874,0.54556334,0.60899395,0.2791548,0.49742916,0.48596874,0.47610146,-0.46060756,-0.44323632
0.27037784,-0.42009783,0.68513286,-0.49660623,-0.499699,-0.69990176,-0.43333185,0.6355752,0.70185107,0.28668624,0.67491555,0.4931908,0.5621897,-0.66091526,-0.57936174
0.20802464,-0.31959793,0.45519254,-0.3546434,-0.28283715,-0.4996832,-0.35050923,0.5195756,0.5755122,0.2816939,0.42530954,0.4871063,0.4505956,-0.37624034,-0.40239397
0.25115457,-0.46640524,0.5548612,-0.32794097,-0.49397835,-0.6069875,-0.38888732,0.58770955,0.625128,0.3116612,0.5001597,0.50821346,0.5110098,-0.4486722,-0.5010377
-0.038801774,-0.042082608,-0.20031239,0.11654116,-0.019032234,0.20611277,-0.28713495,0.06428083,0.12514281,-0.04866568,-0.21200874,0.38773727,0.028322343,0.2527354,-0.1472659
-0.3943521,0.7747489,-0.9718621,0.8700759,0.7673547,0.982695,0.0844758,-0.912348,-0.7940786,-0.41303402,-0.9535471,-0.047646742,-0.78892463,0.9854221,0.6019528
0.24751662,-0.40644044,0.591286,-0.41149035,-0.44122013,-0.62384456,-0.39824784,0.5913283,0.64811003,0.2931926,0.5644567,0.49628845,0.51785403,-0.531831,-0.5106904
0.23574392,-0.3994553,0.5363678,-0.36538288,-0.40998864,-0.5796429,-0.37963888,0.5673047,0.61748755,0.29581386,0.49899995,0.49746582,0.4939858,-0.4548028,-0.47300708
0.17534779,-0.28923354,0.2560671,-0.16732274,-0.3956785,-0.28900167,-0.35948578,0.4371538,0.5859318,0.20265293,0.3601645,0.38883522,0.39755148,-0.26284575,-0.30172467
0.27037784,-0.42009783,0.68513286,-0.49660623,-0.499699,-0.69990176,-0.43333185,0.6355752,0.70185107,0.28668624,0.67491555,0.4931908,0.5621897,-0.66091526,-0.57936174
0.26270863,-0.47270048,0.6081991,-0.3757151,-0.52236724,-0.6492273,-0.40734625,0.6109244,0.6553616,0.30918717,0.5655546,0.5071492,0.5342371,-0.52613956,-0.53745264
-0.5084812,0.6982184,-0.93975997,0.88408846,0.45360464,0.97547626,0.08936394,-0.8608048,-0.785886,-0.607395,-0.911438,-0.19817862,-0.7807251,0.97520036,0.5479749
0.20965749,-0.35779318,0.5999774,-0.36692673,-0.48589933,-0.53016186,-0.43825504,0.47072774,0.65821683,0.13481104,0.58429134,0.42305478,0.4516331,-0.5298937,-0.4651644
0.20802464,-0.31959793,0.45519254,-0.3546434,-0.28283715,-0.4996832,-0.35050923,0.5195756,0.5755122,0.2816939,0.42530954,0.4871063,0.4505956,-0.37624034,-0.40239397
0.26559675,-0.4754493,0.6532488,-0.40298885,-0.55776095,-0.6714151,-0.42271507,0.6236015,0.68125993,0.26518488,0.6144057,0.48932907,0.5699219,-0.6010747,-0.5143713
-0.08207193,0.2205655,-0.588625,0.59680605,-0.115008354,0.53108406,-0.1017223,-0.578227,-0.18200494,0.030305017,-0.6228281,0.08887133,-0.383846,0.87367284,-0.2887901
-0.090455435,0.6032407,-0.94841725,0.75527066,0.66196954,0.9292374,-0.014305694,-0.84254014,-0.4449749,-0.02232578,-0.90621203,0.009916337,-0.59368587,0.9595451,0.41798523
0.25231463,-0.45408478,0.58995485,-0.32100824,-0.53679764,-0.61658645,-0.38625503,0.5736009,0.63817567,0.27589208,0.5398425,0.4695088,0.513879,-0.47103238,-0.5110183
0.10141451,0.04289877,0.0759141,-0.27354035,0.047654998,-0.050415423,-0.2978203,0.29506484,0.510736,0.13391167,0.268573,0.33588576,0.28641185,-0.19459055,-0.10664287
0.2849693,-0.48470756,0.69902474,-0.4645979,-0.57483524,-0.7215262,-0.44219944,0.653519,0.7083431,0.30287364,0.67596996,0.5041908,0.5771844,-0.6562606,-0.6034509
0.2849693,-0.48470756,0.69902474,-0.4645979,-0.57483524,-0.7215262,-0.44219944,0.653519,0.7083431,0.30287364,0.67596996,0.5041908,0.5771844,-0.6562606,-0.6034509
0.18922333,-0.3330739,0.30317163,-0.1825805,-0.40596488,-0.34959784,-0.35714176,0.46432808,0.57947445,0.2326522,0.35813075,0.4213194,0.4147436,-0.26577783,-0.33369794
0.20836206,-0.3526669,0.555854,-0.40740657,-0.39702287,-0.5848222,-0.3940054,0.57453746,0.6109032,0.25388533,0.53119755,0.49344137,0.5067196,-0.50269055,-0.50040513
-0.14983,0.24159016,-0.82184905,0.61681324,0.21930744,0.84515345,-0.14312336,-0.49479672,-0.122371934,-0.17913781,-0.74493873,0.12864959,-0.2704602,0.8422844,0.52208126
0.15821946,-0.013941278,0.4689634,-0.48897207,-0.024363954,-0.37571573,-0.36642128,0.3651501,0.5913366,0.09229801,0.51833934,0.3774862,0.40236837,-0.5197618,-0.26217744
-0.3264486,0.5933529,-0.9031321,0.83332276,0.37756982,0.9671273,-0.046899714,-0.8585197,-0.52568555,-0.5564623,-0.8498518,-0.24123694,-0.6839124,0.9505201,0.67696214
-0.2673974,0.70653105,-0.93364877,0.73834103,0.68179476,0.9534064,0.12699902,-0.8382411,-0.4127432,-0.3670668,-0.88287413,-0.298639,-0.5448445,0.9511595,0.7617835
0.27037784,-0.42009783,0.68513286,-0.49660623,-0.499699,-0.69990176,-0.43333185,0.6355752,0.70185107,0.28668624,0.67491555,0.4931908,0.5621897,-0.66091526,-0.57936174
-0.35613194,0.75729275,-0.9623384,0.8416123,0.6593376,0.96955657,0.06974555,-0.8763551,-0.7392572,-0.43299043,-0.9311302,-0.090966165,-0.65379167,0.971162,0.6306324
0.21730627,-0.41740277,0.5860702,-0.3584016,-0.47972682,-0.5696546,-0.40761632,0.55473036,0.64348197,0.22494234,0.5485866,0.4719685,0.48375183,-0.49572945,-0.47239468
-0.14586484,0.2160041,-0.79709226,0.83808374,-0.15027006,0.8994061,-0.20049708,-0.8176552,-0.36502418,-0.42170456,-0.8010696,-0.066621535,-0.5539302,0.9275783,0.4217344
-0.38927606,0.7627694,-0.96632636,0.89879966,0.6774976,0.9857343,0.102636725,-0.9336028,-0.7781493,-0.55306613,-0.9472461,-0.2914819,-0.79882205,0.9857874,0.7286179
0.25531688,-0.35007423,0.6702453,-0.52688205,-0.41518563,-0.67607147,-0.42392206,0.6161891,0.69446826,0.26949468,0.67330575,0.48129305,0.5463374,-0.6650795,-0.55333644
0.21789882,-0.42104116,0.45196104,-0.16002864,-0.49396157,-0.47990578,-0.32581386,0.4796702,0.5514456,0.2460002,0.3657174,0.43204525,0.44231766,-0.23034751,-0.40243584
-0.23438737,0.42291936,-0.900413,0.7839468,0.2853766,0.93464553,-0.022026177,-0.74210644,-0.34679502,-0.37839845,-0.8539645,-0.12505169,-0.46554804,0.93289715,0.690826
-0.23751499,0.48229197,-0.9124235,0.66374916,0.5743952,0.91261214,-0.022650022,-0.6281133,-0.35850155,-0.2045507,-0.85932666,0.07835761,-0.43886518,0.90991896,0.6249022
0.15064883,-0.2919756,0.4324726,-0.27988636,-0.3853889,-0.43217644,-0.3964781,0.44265214,0.53019756,0.15081282,0.396609,0.45875803,0.4310706,-0.33738533,-0.43715054
-0.28704345,0.556534,-0.82418,0.56362695,0.4461048,0.82851785,-0.114539884,-0.646407,-0.51300025,-0.2668155,-0.7918622,0.17315792,-0.36149427,0.888102,0.17908089
0.25448087,-0.3763796,0.613017,-0.46058327,-0.45124736,-0.64186877,-0.42031482,0.6028157,0.683103,0.30292436,0.6339894,0.48244488,0.5111827,-0.5927235,-0.57773924
-0.2803705,0.4683043,-0.8338622,0.48245654,0.54219586,0.8566206,-0.10344724,-0.42854768,-0.2611302,-0.21719559,-0.71577877,0.17119598,-0.43478644,0.80384654,0.37293607
-0.31920055,0.6484307,-0.8322869,0.6836272,0.38188565,0.9328116,-0.08808219,-0.7586773,-0.34513652,-0.5331601,-0.6953816,-0.20841452,-0.53103924,0.869785,0.58735657
0.25115457,-0.46640524,0.5548612,-0.32794097,-0.49397835,-0.6069875,-0.38888732,0.58770955,0.625128,0.3116612,0.5001597,0.50821346,0.5110098,-0.4486722,-0.5010377
0.24374807,-0.34244707,0.6244651,-0.48752415,-0.3837882,-0.63815963,-0.4066641,0.5938954,0.6684606,0.2731174,0.62146884,0.48306912,0.52403456,-0.60528016,-0.51882696
0.24751662,-0.40644044,0.591286,-0.41149035,-0.44122013,-0.62384456,-0.39824784,0.5913283,0.64811003,0.2931926,0.5644567,0.49628845,0.51785403,-0.531831,-0.5106904
-0.1866368,0.21363932,-0.89288706,0.8450012,0.08696634,0.9121487,-0.15025502,-0.8027655,-0.48481956,-0.22421329,-0.8927107,0.1157182,-0.5950703,0.9622989,0.30610907
0.23882832,-0.40218055,0.58792275,-0.39268574,-0.45079288,-0.60521716,-0.3952894,0.58097804,0.6455782,0.25109375,0.55338526,0.47942016,0.5322144,-0.53822196,-0.4476472
0.2900218,-0.44542393,0.46382046,-0.23375092,-0.50995624,-0.5732008,-0.40136328,0.47307512,0.5937693,0.32532537,0.411943,0.4949015,0.48089784,-0.34495592,-0.51345545
-0.45241243,0.48134142,-0.82824045,0.58351475,0.44742566,0.8916999,-0.12058819,-0.5518199,-0.5306325,-0.502389,-0.8114615,0.14418252,-0.38561657,0.8696261,0.47806054
0.14181192,0.033985436,0.19541734,-0.36361524,0.16858996,-0.20808257,-0.27872247,0.28963426,0.45500675,0.18113488,0.23477633,0.41317117,0.3289018,-0.21706086,-0.12715921
0.23199277,-0.33483014,0.57338315,-0.44560423,-0.35118145,-0.59615266,-0.38862556,0.5703474,0.63998115,0.27631736,0.5628764,0.4846255,0.5006045,-0.53711486,-0.48209545
-0.035230424,0.15352654,-0.1705931,0.18245223,-0.16511923,0.26962313,-0.2250783,-0.114233516,0.16692483,-0.12631293,-0.12242883,0.16081859,0.104972124,0.3884389,-0.117546685
0.22377533,-0.39234933,0.47614095,-0.3171996,-0.3775555,-0.5312869,-0.36042994,0.54203904,0.58435637,0.2980991,0.42688686,0.49840555,0.4690575,-0.3699881,-0.43323225
0.25308016,-0.40015945,0.5471285,-0.3868775,-0.4846873,-0.602587,-0.4157085,0.58702594,0.66924924,0.333469,0.5899066,0.48179758,0.4729815,-0.50765955,-0.5990523
-0.5322173,0.4605498,-0.9274647,0.83763486,0.50428754,0.9296412,0.038082324,-0.71446604,-0.8591473,-0.60198534,-0.94578993,0.25270963,-0.78503114,0.9471078,0.18006177
0.2849693,-0.48470756,0.69902474,-0.4645979,-0.57483524,-0.7215262,-0.44219944,0.653519,0.7083431,0.30287364,0.67596996,0.5041908,0.5771844,-0.6562606,-0.6034509
0.16865309,-0.26278546,0.41268602,-0.35075712,-0.2329579,-0.45207995,-0.34617117,0.5013068,0.53285116,0.24199714,0.3852674,0.48465213,0.4391628,-0.34228966,-0.39088354
0.24751662,-0.40644044,0.591286,-0.41149035,-0.44122013,-0.62384456,-0.39824784,0.5913283,0.64811003,0.2931926,0.5644567,0.49628845,0.51785403,-0.531831,-0.5106904
-0.35368234,0.6332733,-0.8871183,0.75905335,0.37168658,0.9420749,0.03833768,-0.7691004,-0.44827738,-0.532987,-0.81091464,-0.28956038,-0.48038146,0.92133284,0.6899159
0.21390365,-0.35394627,0.6196799,-0.43871596,-0.4247613,-0.58523047,-0.41573706,0.557442,0.6637949,0.20357445,0.6073299,0.4582988,0.4905133,-0.5732432,-0.4807055
-0.3901598,0.73309606,-0.9400377,0.8573164,0.54270464,0.9747684,0.050879475,-0.890398,-0.69236046,-0.5687692,-0.898707,-0.2670301,-0.70832324,0.9678081,0.6842056
-0.097385146,0.2811587,-0.7941813,0.6348065,0.108149566,0.8143383,-0.12603469,-0.54600847,-0.059650987,-0.06851845,-0.65332884,0.0328968,-0.37715912,0.85710096,0.21829006
-0.25052378,0.44539315,-0.8864507,0.8101558,0.14992666,0.9285243,-0.0016983581,-0.7576521,-0.38754207,-0.39173025,-0.82958037,-0.18720546,-0.50011283,0.937806,0.5786816
0.27710894,-0.48158914,0.6965164,-0.44704422,-0.5829899,-0.707059,-0.43998107,0.64467686,0.70683223,0.26217133,0.6675343,0.4876999,0.59035116,-0.66117597,-0.5494048
-0.263152,0.4128164,-0.88020146,0.7964959,0.14727797,0.9242919,0.046199962,-0.72447914,-0.3355032,-0.40372923,-0.831917,-0.23983058,-0.44101915,0.93522894,0.6598711
-0.33953825,0.7731907,-0.9406922,0.72578955,0.74662083,0.9444181,0.08454599,-0.8279755,-0.64992946,-0.334328,-0.88665056,-0.088225126,-0.6892302,0.9537639,0.42093542
0.2665967,-0.46332154,0.681517,-0.39645445,-0.59640443,-0.6794352,-0.41992635,0.610039,0.6920308,0.2279386,0.64653003,0.4494392,0.5720911,-0.6182204,-0.5239914
-0.4018218,0.62619114,-0.9596801,0.85201055,0.6016586,0.97276336,0.048924867,-0.8471021,-0.70259535,-0.46722466,-0.94029486,-0.062303167,-0.68110454,0.9739221,0.68314123
0.26256406,-0.41622287,0.6827161,-0.47948834,-0.50872654,-0.6843541,-0.4307741,0.62607914,0.6999387,0.24517784,0.6664661,0.47630006,0.5756483,-0.6657208,-0.5225777
0.14740868,-0.34865633,0.28285015,-0.033396505,-0.38645124,-0.2526089,-0.28585652,0.34943607,0.45901734,0.1658903,0.17254093,0.39662537,0.33053067,0.00902555,-0.23606847
0.21748844,-0.4492353,0.4276593,-0.20607427,-0.44281858,-0.4881087,-0.34729356,0.5266625,0.55389786,0.27389926,0.3348944,0.49340433,0.4762161,-0.28026205,-0.3528518
0.2248135,-0.5035772,0.6893108,-0.36185274,-0.6358608,-0.6290611,-0.45925733,0.5857208,0.70002985,0.16339327,0.6489655,0.45366883,0.5122832,-0.5945603,-0.53400415
-0.19167794,0.29446682,-0.8343471,0.6887739,0.29246786,0.9098435,-0.11749209,-0.6576516,-0.15675917,-0.3455561,-0.78638357,-0.012505579,-0.4215876,0.88822347,0.691533
0.24751662,-0.40644044,0.591286,-0.41149035,-0.44122013,-0.62384456,-0.39824784,0.5913283,0.64811003,0.2931926,0.5644567,0.49628845,0.51785403,-0.531831,-0.5106904
-0.3238995,0.48858982,-0.8674406,0.685054,0.38173547,0.8973425,-0.021506462,-0.58226174,-0.41488153,-0.39518413,-0.79764336,-0.021041222,-0.4322552,0.87495404,0.53449416
-0.3599488,0.80774146,-0.9009364,0.6540269,0.6876128,0.9500051,0.013441825,-0.8182133,-0.5079174,-0.4912716,-0.77917445,-0.24338911,-0.60279846,0.9202836,0.61161625
0.19904615,-0.31452835,0.4508888,-0.33456513,-0.29370257,-0.47684982,-0.34694386,0.5077719,0.5720589,0.23894206,0.41160882,0.46999276,0.4660634,-0.38401324,-0.33140764
0.25531688,-0.35007423,0.6702453,-0.52688205,-0.41518563,-0.67607147,-0.42392206,0.6161891,0.69446826,0.26949468,0.67330575,0.48129305,0.5463374,-0.6650795,-0.55333644
0.21163686,-0.38510787,0.41086203,-0.26723492,-0.34404308,-0.47890005,-0.34071875,0.5155688,0.54877985,0.3001159,0.34864286,0.4991156,0.44314468,-0.27842396,-0.39153373
-0.4850891,0.62666094,-0.93331325,0.8082663,0.72784907,0.95522845,0.04049559,-0.8336621,-0.8316439,-0.6679549,-0.9506278,0.07945161,-0.7432195,0.945244,0.6342549
0.1671091,-0.44949427,0.500776,-0.09105482,-0.59037817,-0.40255815,-0.365467,0.42040467,0.5770954,0.10368178,0.40247166,0.3770527,0.39308286,-0.23247173,-0.359399
0.27037784,-0.42009783,0.68513286,-0.49660623,-0.499699,-0.69990176,-0.43333185,0.6355752,0.70185107,0.28668624,0.67491555,0.4931908,0.5621897,-0.66091526,-0.57936174
-0.36824673,0.73238534,-0.9051766,0.7790183,0.57543516,0.9398207,-0.012667692,-0.8694581,-0.72124565,-0.49794766,-0.8875905,-0.07883421,-0.66572833,0.9541169,0.4194175
0.2849693,-0.48470756,0.69902474,-0.4645979,-0.57483524,-0.7215262,-0.44219944,0.653519,0.7083431,0.30287364,0.67596996,0.5041908,0.5771844,-0.6562606,-0.6034509
-0.33030084,0.3520201,-0.8805189,0.7486141,0.21532385,0.91102517,-0.05242902,-0.58602136,-0.4375652,-0.3493334,-0.82906073,0.04387224,-0.46615413,0.9175866,0.46296182
-0.22329059,0.47911763,-0.90324324,0.7151201,0.50587744,0.9381354,-0.02975502,-0.7361355,-0.27093232,-0.2796968,-0.842195,-0.08362002,-0.5335819,0.93227965,0.66702807
-0.5011638,0.79073703,-0.9664958,0.9271683,0.6608867,0.9864682,0.16532293,-0.9352567,-0.88733125,-0.70754635,-0.9586318,-0.2759967,-0.8459519,0.98385483,0.7193167
-0.4506221,0.66329,-0.90693283,0.8975812,0.29814675,0.96941555,0.051464714,-0.868303,-0.7607971,-0.6717593,-0.8820233,-0.23555773,-0.7707886,0.95775706,0.55670714
0.23838204,-0.3802137,0.5739207,-0.28704274,-0.5605416,-0.5927859,-0.3935691,0.49402067,0.61361235,0.20369081,0.53616047,0.41559774,0.50106704,-0.4518597,-0.5339668
0.2849693,-0.48470756,0.69902474,-0.4645979,-0.57483524,-0.7215262,-0.44219944,0.653519,0.7083431,0.30287364,0.67596996,0.5041908,0.5771844,-0.6562606,-0.6034509
-0.4935397,0.8429995,-0.97454464,0.9131937,0.75481373,0.9909831,0.16942248,-0.95092046,-0.8563171,-0.66063654,-0.95727634,-0.38579017,-0.8269606,0.98920715,0.8015326
-0.26811802,0.527763,-0.90210134,0.8286129,0.42898834,0.94661725,-0.055109885,-0.87777525,-0.5807707,-0.37900177,-0.90063745,-0.08379582,-0.7002362,0.9701131,0.44940847
0.25531688,-0.35007423,0.6702453,-0.52688205,-0.41518563,-0.67607147,-0.42392206,0.6161891,0.69446826,0.26949468,0.67330575,0.48129305,0.5463374,-0.6650795,-0.55333644
0.23374984,-0.321572,0.6069768,-0.4392157,-0.40122256,-0.6054267,-0.3854936,0.5558907,0.6525182,0.23954473,0.59841204,0.44472548,0.5039496,-0.5569187,-0.49231234
0.23574392,-0.3994553,0.5363678,-0.36538288,-0.40998864,-0.5796429,-0.37963888,0.5673047,0.61748755,0.29581386,0.49899995,0.49746582,0.4939858,-0.4548028,-0.47300708
-0.16551495,0.4553328,-0.88074005,0.6833896,0.46309564,0.89542335,-0.032032847,-0.7307059,-0.2704749,-0.121837206,-0.82174176,-0.02029873,-0.51827997,0.9325757,0.4145005
-0.16602364,0.2513024,-0.9228427,0.8511321,0.2455821,0.9602413,-0.14668588,-0.8197957,-0.3735768,-0.3996909,-0.90109366,-0.040386792,-0.5948822,0.9588207,0.7332009
0.0019584121,0.1040057,-0.5317318,0.38582593,-0.03786708,0.616922,-0.27100408,-0.32852232,0.24533333,-0.013720212,-0.32057276,0.15823175,-0.21575704,0.61917984,0.03864346
0.26689157,-0.43273416,0.32790774,-0.12869641,-0.45141765,-0.47215578,-0.3637291,0.4152828,0.5237736,0.33095184,0.2505584,0.49676543,0.43055367,-0.15583895,-0.43660265
-0.48330292,0.75144804,-0.9543622,0.7777156,0.7301382,0.97682875,0.0467855,-0.8452014,-0.67441297,-0.56252694,-0.9189584,-0.15961276,-0.6582592,0.9638524,0.76881075
0.21995737,-0.35981303,0.6085889,-0.451303,-0.4283673,-0.6281555,-0.41208267,0.59795403,0.64150465,0.25104415,0.5932519,0.4919986,0.5295291,-0.5742767,-0.53644973
0.26270863,-0.47270048,0.6081991,-0.3757151,-0.52236724,-0.6492273,-0.40734625,0.6109244,0.6553616,0.30918717,0.5655546,0.5071492,0.5342371,-0.52613956,-0.53745264
-0.30935606,0.68753743,-0.9246021,0.8590197,0.42571944,0.96783257,0.05210413,-0.8913805,-0.5924432,-0.5501839,-0.87570286,-0.35141522,-0.673085,0.96188945,0.6999752
-0.45003727,0.7477273,-0.9680616,0.85458165,0.7744595,0.9689645,0.1523393,-0.86677295,-0.8536973,-0.5170769,-0.9593563,0.028892005,-0.80852216,0.97411466,0.46659163
-0.47173473,0.79957163,-0.9582317,0.81740355,0.7417391,0.9806185,0.058458887,-0.8892494,-0.7372659,-0.5860954,-0.92294455,-0.20242405,-0.7156704,0.97070956,0.74808174
0.1544192,-0.45590526,0.39526355,-0.044367727,-0.5234776,-0.32924703,-0.34852695,0.4085164,0.5252048,0.14539732,0.2739079,0.42175594,0.36265993,-0.10805578,-0.30362457
-0.35957962,0.47652036,-0.9384333,0.9028715,0.27928656,0.9735248,0.09874203,-0.88138956,-0.59680575,-0.6260521,-0.92951643,-0.36716262,-0.6836451,0.9732745,0.81657416
-0.059265163,0.44819912,-0.8674406,0.6970071,0.36363542,0.90309,-0.1376943,-0.7624899,-0.15997046,-0.2093497,-0.7692215,-0.07046739,-0.49686545,0.8931065,0.52802277
0.2849693,-0.48470756,0.69902474,-0.4645979,-0.57483524,-0.7215262,-0.44219944,0.653519,0.7083431,0.30287364,0.67596996,0.5041908,0.5771844,-0.6562606,-0.6034509
0.25531688,-0.35007423,0.6702453,-0.52688205,-0.41518563,-0.67607147,-0.42392206,0.6161891,0.69446826,0.26949468,0.67330575,0.48129305,0.5463374,-0.6650795,-0.55333644
0.20802464,-0.31959793,0.45519254,-0.3546434,-0.28283715,-0.4996832,-0.35050923,0.5195756,0.5755122,0.2816939,0.42530954,0.4871063,0.4505956,-0.37624034,-0.40239397
-0.16288212,0.08174022,-0.22767375,0.03152192,0.27567762,0.28635508,-0.23441963,0.07346936,-0.076462895,-0.10888256,-0.31309164,0.4479034,-0.13133477,0.32940537,-0.19461986
0.20578748,-0.4139352,0.38504702,-0.10681392,-0.46362507,-0.42334482,-0.30577314,0.4510739,0.5135051,0.2477307,0.2835668,0.43285525,0.41584152,-0.13239071,-0.35925367
0.17035936,-0.501923,0.59069103,-0.20448206,-0.6196199,-0.4771959,-0.43426472,0.49628535,0.6415212,0.099967785,0.513964,0.43123844,0.42767763,-0.40836963,-0.42009017
0.14545587,-0.18312322,0.21975964,-0.074138746,-0.3343961,-0.1575097,-0.31706688,0.23595504,0.5076808,0.091584325,0.25476742,0.3057677,0.30107892,-0.08183424,-0.21319814
-0.33196506,0.42683136,-0.7942647,0.43412668,0.46903977,0.789828,-0.15058574,-0.3743983,-0.4604736,-0.1369297,-0.73376924,0.35799313,-0.4023016,0.8553895,-0.10527154
-0.11894303,0.19460732,-0.7978098,0.68931234,0.044699304,0.8444344,-0.23693243,-0.62500787,-0.1730799,-0.19141112,-0.72333384,0.1431371,-0.408163,0.8652479,0.27600247
-0.43719825,0.66551834,-0.94242185,0.8281892,0.48583707,0.96402806,0.10604101,-0.8202728,-0.65946615,-0.4891186,-0.90406,-0.24223581,-0.6194759,0.9694609,0.6346858
0.27037784,-0.42009783,0.68513286,-0.49660623,-0.499699,-0.69990176,-0.43333185,0.6355752,0.70185107,0.28668624,0.67491555,0.4931908,0.5621897,-0.66091526,-0.57936174
0.27710894,-0.48158914,0.6965164,-0.44704422,-0.5829899,-0.707059,-0.43998107,0.64467686,0.70683223,0.26217133,0.6675343,0.4876999,0.59035116,-0.66117597,-0.5494048
0.12686314,0.026034681,0.23189145,-0.3694917,-0.027558066,-0.18466583,-0.3376652,0.3573507,0.581702,0.12767659,0.4275132,0.33140743,0.34498742,-0.37936065,-0.2017739
0.23374984,-0.321572,0.6069768,-0.4392157,-0.40122256,-0.6054267,-0.3854936,0.5558907,0.6525182,0.23954473,0.59841204,0.44472548,0.5039496,-0.5569187,-0.49231234
0.2206496,-0.47685614,0.54921407,-0.2713128,-0.5300479,-0.55154675,-0.39851522,0.5509918,0.62054336,0.2448179,0.4825396,0.48439237,0.4764265,-0.40877524,-0.46265823
0.016208904,0.010199371,-0.024472741,0.41021454,-0.4660126,0.24034481,-0.19415353,-0.32471174,0.21104313,-0.1564219,-0.120522454,0.010482344,-0.0574081,0.557535,-0.19644088
0.113279305,-0.48394802,0.29096287,0.18016158,-0.6223184,-0.09108016,-0.41114777,0.16316967,0.49388978,-0.0214681,0.13434958,0.36472493,0.227679,0.091234915,-0.20935626
0.22377533,-0.39234933,0.47614095,-0.3171996,-0.3775555,-0.5312869,-0.36042994,0.54203904,0.58435637,0.2980991,0.42688686,0.49840555,0.4690575,-0.3699881,-0.43323225
0.24374807,-0.34244707,0.6244651,-0.48752415,-0.3837882,-0.63815963,-0.4066641,0.5938954,0.6684606,0.2731174,0.62146884,0.48306912,0.52403456,-0.60528016,-0.51882696
-0.5434728,0.7958498,-0.9554006,0.84998953,0.69608635,0.9782189,0.13353808,-0.87702173,-0.7976241,-0.67767346,-0.92594695,-0.29675996,-0.7392306,0.9695765,0.73229814
-0.39829347,0.74919,-0.9605221,0.816798,0.7077771,0.9737975,0.115059644,-0.87450176,-0.66114706,-0.465818,-0.92918366,-0.2360257,-0.6595883,0.97407407,0.738659
0.22413506,-0.4266713,0.6166265,-0.3302191,-0.5630512,-0.5615509,-0.44760144,0.49468276,0.6662454,0.15296201,0.5855341,0.4353114,0.46898893,-0.5238538,-0.49415645
-0.39015776,0.6648618,-0.9397168,0.79915726,0.62346005,0.96023685,0.15140316,-0.8170218,-0.5655626,-0.520906,-0.90906096,-0.3099121,-0.58071935,0.9533909,0.7939274
-0.327345,0.37619123,-0.90818125,0.85126567,0.19058506,0.94834197,-0.15469508,-0.81991005,-0.641105,-0.49428728,-0.9063258,0.092940114,-0.5811982,0.954706,0.5402302
0.15018633,-0.17332858,0.40919507,-0.30472133,-0.26029393,-0.36379656,-0.35957462,0.36348605,0.5339204,0.120911725,0.40170905,0.3972875,0.3829863,-0.3209542,-0.35437933
0.2849693,-0.48470756,0.69902474,-0.4645979,-0.57483524,-0.7215262,-0.44219944,0.653519,0.7083431,0.30287364,0.67596996,0.5041908,0.5771844,-0.6562606,-0.6034509
0.3247862,-0.4557552,0.5331395,-0.34276533,-0.5069268,-0.66656536,-0.4225615,0.5324444,0.62817734,0.4341414,0.5157975,0.5405342,0.45555994,-0.40556806,-0.69337004
-0.18905228,0.29961568,-0.6037084,0.49737158,0.014699441,0.7769512,-0.21181142,-0.44883335,0.024935996,-0.31268898,-0.43333012,0.0237677,-0.29525423,0.70931274,0.2503432
-0.4772779,0.84993434,-0.97584933,0.90763485,0.77496326,0.98899865,0.18069814,-0.9469392,-0.85878175,-0.5628637,-0.95833987,-0.29788244,-0.84081095,0.9907015,0.6970965
0.27398658,-0.47879612,0.6562069,-0.42133984,-0.5493322,-0.6873602,-0.4251419,0.6328606,0.68308395,0.30627814,0.62413114,0.5058106,0.5563061,-0.59536594,-0.57160467
0.26738456,-0.41686547,0.64333385,-0.472489,-0.4612764,-0.67989075,-0.41848475,0.6235708,0.67799157,0.33072197,0.6321763,0.51116085,0.5259585,-0.5945768,-0.60061014
0.19315565,-0.40373826,0.47015786,-0.25980097,-0.4185748,-0.4687511,-0.37028882,0.50255376,0.5792384,0.23088178,0.40795404,0.47456005,0.43285462,-0.32749262,-0.39176404
0.2449046,-0.43440813,0.21386422,-0.11081227,-0.32797688,-0.42085356,-0.3144434,0.44019836,0.4533135,0.4406497,0.13424061,0.54771435,0.32924917,0.05684406,-0.5179907
0.25531688,-0.35007423,0.6702453,-0.52688205,-0.41518563,-0.67607147,-0.42392206,0.6161891,0.69446826,0.26949468,0.67330575,0.48129305,0.5463374,-0.6650795,-0.55333644
0.23199277,-0.33483014,0.57338315,-0.44560423,-0.35118145,-0.59615266,-0.38862556,0.5703474,0.63998115,0.27631736,0.5628764,0.4846255,0.5006045,-0.53711486,-0.48209545
0.25531688,-0.35007423,0.6702453,-0.52688205,-0.41518563,-0.67607147,-0.42392206,0.6161891,0.69446826,0.26949468,0.67330575,0.48129305,0.5463374,-0.6650795,-0.55333644
0.18685906,-0.3017168,0.32526258,-0.23819405,-0.3237529,-0.37055284,-0.345094,0.4664191,0.56388,0.24516693,0.35433003,0.44085553,0.41203934,-0.27542377,-0.33173448
-0.2544719,0.4546942,-0.8747684,0.69103914,0.529882,0.8964604,-0.07161115,-0.7357187,-0.5047361,-0.25441507,-0.86188334,0.1350578,-0.6114641,0.93040985,0.29536068
0.22717299,-0.39960483,0.65419525,-0.46660364,-0.44803947,-0.6736755,-0.41716865,0.62626755,0.64389735,0.23314892,0.628287,0.49983212,0.510958,-0.651807,-0.57045466
0.25731298,-0.39720622,0.6264406,-0.4228849,-0.47721887,-0.64992875,-0.39741212,0.587193,0.6622868,0.29834592,0.6094882,0.47370064,0.50555116,-0.5449732,-0.5770781
0.26363114,-0.46039686,0.6396799,-0.36894152,-0.5633589,-0.6578305,-0.40447134,0.59712946,0.66724235,0.27305067,0.6010214,0.46811014,0.53670037,-0.5459684,-0.54674053
-0.38880402,0.5082995,-0.9017508,0.74753636,0.5847664,0.8490625,-0.035616133,-0.7288493,-0.8360923,-0.46268746,-0.9323284,0.33569083,-0.7243771,0.91159976,-0.16578962
-0.24228927,0.4138395,-0.87291414,0.7273361,0.2466648,0.9097187,-0.13647334,-0.67242104,-0.34839165,-0.32076728,-0.7962477,0.053345967,-0.4553464,0.8985218,0.4649071
0.1814343,-0.2124498,0.17704406,-0.11987473,-0.2893947,-0.20270166,-0.35864294,0.2517627,0.5135941,0.17117146,0.22972813,0.38483205,0.31798863,-0.115797795,-0.26502162
0.20753238,-0.35014516,0.49442357,-0.21384397,-0.5436412,-0.46407884,-0.36612362,0.47204065,0.62998796,0.13944592,0.5046821,0.3464492,0.47828475,-0.41420418,-0.3604564
-0.20568997,0.2016341,-0.7440298,0.6837121,-0.02371688,0.8281165,-0.26854274,-0.64636225,-0.3161586,-0.35850394,-0.7445903,0.17500629,-0.35012442,0.8550187,0.2811794
0.16213857,-0.4147224,0.4636507,-0.20012866,-0.45777765,-0.40044785,-0.3798217,0.46018457,0.5739088,0.16102281,0.38787544,0.44948936,0.39487365,-0.28265616,-0.34812737
0.24751662,-0.40644044,0.591286,-0.41149035,-0.44122013,-0.62384456,-0.39824784,0.5913283,0.64811003,0.2931926,0.5644567,0.49628845,0.51785403,-0.531831,-0.5106904
0.25318265,-0.38826782,0.5175826,-0.3248581,-0.44405714,-0.56541115,-0.39272764,0.51239765,0.61545813,0.25949284,0.4795999,0.47315538,0.50638014,-0.45400444,-0.43453792
0.25531688,-0.35007423,0.6702453,-0.52688205,-0.41518563,-0.67607147,-0.42392206,0.6161891,0.69446826,0.26949468,0.67330575,0.48129305,0.5463374,-0.6650795,-0.55333644
-0.13814828,0.5585277,-0.9305903,0.8475084,0.3929886,0.91358525,0.05417078,-0.8601954,-0.5698121,-0.29159594,-0.9005141,-0.18073107,-0.6555701,0.95171916,0.39085853
0.22435385,-0.43148455,0.4914002,-0.12902167,-0.57868886,-0.47764313,-0.37139943,0.414816,0.58356893,0.18075545,0.4145203,0.395669,0.4280188,-0.2685113,-0.429979
0.27037784,-0.42009783,0.68513286,-0.49660623,-0.499699,-0.69990176,-0.43333185,0.6355752,0.70185107,0.28668624,0.67491555,0.4931908,0.5621897,-0.66091526,-0.57936174
0.23882832,-0.40218055,0.58792275,-0.39268574,-0.45079288,-0.60521716,-0.3952894,0.58097804,0.6455782,0.25109375,0.55338526,0.47942016,0.5322144,-0.53822196,-0.4476472
0.20530401,-0.41063595,0.5307697,-0.31001744,-0.44978815,-0.5212491,-0.38927066,0.5292543,0.6126322,0.22808821,0.48156062,0.47338292,0.45880583,-0.41530737,-0.43309367
-0.5326732,0.65583676,-0.9768238,0.904845,0.7410166,0.9763717,0.19402973,-0.86147726,-0.90758336,-0.6276502,-0.97869927,0.10237003,-0.8346645,0.9794472,0.5625688
-0.4467214,0.73767996,-0.9689107,0.8538416,0.7121427,0.9817905,0.08160702,-0.88810396,-0.7495879,-0.5466228,-0.9495863,-0.1537285,-0.6928224,0.9778391,0.7832399
0.2267218,-0.39506307,0.5325114,-0.3457836,-0.41984448,-0.5594521,-0.37651256,0.5565437,0.6146227,0.25357202,0.4865493,0.48065662,0.5087257,-0.46196422,-0.40701032
0.13457611,-0.35972592,0.2922012,-0.08193485,-0.4742348,-0.22100922,-0.37986463,0.38635957,0.57143134,0.1338359,0.3308517,0.38555005,0.3179249,-0.16142565,-0.31568137
0.23199277,-0.33483014,0.57338315,-0.44560423,-0.35118145,-0.59615266,-0.38862556,0.5703474,0.63998115,0.27631736,0.5628764,0.4846255,0.5006045,-0.53711486,-0.48209545
0.27037784,-0.42009783,0.68513286,-0.49660623,-0.499699,-0.69990176,-0.43333185,0.6355752,0.70185107,0.28668624,0.67491555,0.4931908,0.5621897,-0.66091526,-0.57936174
0.22007616,-0.3272169,0.51692516,-0.4012478,-0.31748438,-0.5499796,-0.36987874,0.54556334,0.60899395,0.2791548,0.49742916,0.48596874,0.47610146,-0.46060756,-0.44323632
0.210435,-0.44071475,0.6755505,-0.3972498,-0.5689376,-0.6018217,-0.45039678,0.565322,0.6930884,0.14565064,0.6483019,0.44236898,0.49628752,-0.60033303,-0.506979
0.17953984,-0.46166202,0.33179826,-0.028136563,-0.5035375,-0.3236997,-0.36737216,0.3744212,0.51123196,0.18956251,0.21400753,0.4548712,0.3561708,-0.06877148,-0.32180396
0.27710894,-0.48158914,0.6965164,-0.44704422,-0.5829899,-0.707059,-0.43998107,0.64467686,0.70683223,0.26217133,0.6675343,0.4876999,0.59035116,-0.66117597,-0.5494048
0.0047513032,0.00080443895,-0.25488156,0.46539074,-0.37402648,0.4190827,-0.101523,-0.2141571,0.23125151,-0.11051224,-0.22301677,-0.036561083,-0.012735527,0.6181633,0.082032435
0.20185627,-0.346503,0.56821537,-0.3942044,-0.3932698,-0.5390175,-0.39799294,0.5324157,0.6351056,0.20730637,0.54715645,0.46005765,0.46593192,-0.5014595,-0.44231874
0.25452933,-0.41636884,0.6224408,-0.38467947,-0.5291768,-0.61780715,-0.43938538,0.5355382,0.67104465,0.22475187,0.6013636,0.46185565,0.5042956,-0.5598975,-0.5324965
0.25115457,-0.46640524,0.5548612,-0.32794097,-0.49397835,-0.6069875,-0.38888732,0.58770955,0.625128,0.3116612,0.5001597,0.50821346,0.5110098,-0.4486722,-0.5010377
0.27037784,-0.42009783,0.68513286,-0.49660623,-0.499699,-0.69990176,-0.43333185,0.6355752,0.70185107,0.28668624,0.67491555,0.4931908,0.5621897,-0.66091526,-0.57936174
0.21967727,-0.39672634,0.45371526,-0.23785354,-0.44319576,-0.47530186,-0.3864517,0.45489374,0.58047664,0.23648316,0.40000758,0.46679226,0.4302124,-0.31782502,-0.41945514
-0.45311582,0.81478703,-0.9730057,0.91396356,0.7511831,0.98826975,0.17706846,-0.9473872,-0.851742,-0.62847126,-0.9611432,-0.34199342,-0.8486407,0.98869,0.7417062
0.26256406,-0.41622287,0.6827161,-0.47948834,-0.50872654,-0.6843541,-0.4307741,0.62607914,0.6999387,0.24517784,0.6664661,0.47630006,0.5756483,-0.6657208,-0.5225777
0.22979875,-0.42793965,0.51399153,-0.21255912,-0.52296984,-0.5326405,-0.3454718,0.5071635,0.58697337,0.24400137,0.44240656,0.43102515,0.46790433,-0.3240248,-0.4438343
0.19135405,-0.31065804,0.62438875,-0.4885534,-0.41465467,-0.63154745,-0.42495728,0.6038745,0.6339482,0.2077626,0.6199355,0.4871839,0.5395144,-0.6124806,-0.56066114
0.2849693,-0.48470756,0.69902474,-0.4645979,-0.57483524,-0.7215262,-0.44219944,0.653519,0.7083431,0.30287364,0.67596996,0.5041908,0.5771844,-0.6562606,-0.6034509
0.26270863,-0.47270048,0.6081991,-0.3757151,-0.52236724,-0.6492273,-0.40734625,0.6109244,0.6553616,0.30918717,0.5655546,0.5071492,0.5342371,-0.52613956,-0.53745264
-0.14692338,0.44613075,-0.9038687,0.7467613,0.41238445,0.92815536,-0.048995547,-0.7577644,-0.2597329,-0.2637483,-0.84611493,-0.090819225,-0.4818367,0.9282557,0.6665018
0.23882832,-0.40218055,0.58792275,-0.39268574,-0.45079288,-0.60521716,-0.3952894,0.58097804,0.6455782,0.25109375,0.55338526,0.47942016,0.5322144,-0.53822196,-0.4476472
0.16382092,-0.28252748,0.17947294,-0.11406353,-0.3634432,-0.22429287,-0.33965123,0.4079921,0.5512038,0.20578721,0.27747935,0.3903182,0.37055847,-0.16639294,-0.25627062
-0.43834907,0.50174314,-0.87291515,0.7919579,0.36210662,0.90900534,-0.07273447,-0.77984273,-0.7352295,-0.52404016,-0.9001239,0.1134566,-0.64699596,0.9441252,0.2953229
0.2849693,-0.48470756,0.69902474,-0.4645979,-0.57483524,-0.7215262,-0.44219944,0.653519,0.7083431,0.30287364,0.67596996,0.5041908,0.5771844,-0.6562606,-0.6034509
-0.0077143703,-0.14745817,-0.58015335,0.45051265,-0.034655295,0.5100519,-0.17253532,-0.05263235,0.06748037,0.08183203,-0.5647064,0.3372764,-0.022140741,0.6612405,0.23089567
-0.3833534,0.8151271,-0.9582695,0.6732145,0.8256196,0.95472014,0.050242297,-0.80527645,-0.6732347,-0.2476273,-0.906057,0.089629315,-0.63493234,0.9611456,0.45916158
-0.028181504,-0.06267875,-0.20171508,0.3252391,-0.21795261,0.37317777,-0.2704557,-0.24693336,0.15901452,-0.06073562,-0.2810553,0.25338227,-0.12970668,0.6070739,-0.17084189
0.2267218,-0.39506307,0.5325114,-0.3457836,-0.41984448,-0.5594521,-0.37651256,0.5565437,0.6146227,0.25357202,0.4865493,0.48065662,0.5087257,-0.46196422,-0.40701032
0.27398658,-0.47879612,0.6562069,-0.42133984,-0.5493322,-0.6873602,-0.4251419,0.6328606,0.68308395,0.30627814,0.62413114,0.5058106,0.5563061,-0.59536594,-0.57160467
0.26270863,-0.47270048,0.6081991,-0.3757151,-0.52236724,-0.6492273,-0.40734625,0.6109244,0.6553616,0.30918717,0.5655546,0.5071492,0.5342371,-0.52613956,-0.53745264
-0.21590228,0.35336733,-0.5574271,0.30175686,0.18495792,0.66369534,-0.21892086,-0.30237794,-0.081246674,-0.25520214,-0.44827092,0.1828186,-0.13050523,0.6374976,0.11345509
0.106019996,-0.1476092,0.012261372,0.043050963,-0.28082237,0.022231564,-0.2588801,0.23099071,0.45423642,0.07518615,0.0976225,0.27042153,0.29056334,0.06221687,-0.02198029
-0.12472171,0.41720185,-0.6784442,0.38220084,0.3109481,0.80985576,-0.18906304,-0.47306785,0.16657795,-0.25113449,-0.4268271,-0.021252215,-0.28684765,0.6404118,0.49406487
0.25531688,-0.35007423,0.6702453,-0.52688205,-0.41518563,-0.67607147,-0.42392206,0.6161891,0.69446826,0.26949468,0.67330575,0.48129305,0.5463374,-0.6650795,-0.55333644
0.19586544,-0.31196085,0.3884922,-0.30604106,-0.24739838,-0.44543883,-0.33061528,0.49243158,0.53960747,0.28400132,0.3470335,0.48804525,0.4241731,-0.28501332,-0.3597622
0.20431045,-0.36789593,0.44965398,-0.2393385,-0.40448412,-0.46790087,-0.33521566,0.48884964,0.5610548,0.22163844,0.38194948,0.44336,0.46279204,-0.31379592,-0.3326372
0.19995792,-0.2847645,0.47437504,-0.29216588,-0.3534023,-0.46959484,-0.3255835,0.46044236,0.570997,0.21148942,0.43953073,0.40768424,0.43259135,-0.33774048,-0.38338652
0.26270863,-0.47270048,0.6081991,-0.3757151,-0.52236724,-0.6492273,-0.40734625,0.6109244,0.6553616,0.30918717,0.5655546,0.5071492,0.5342371,-0.52613956,-0.53745264
-0.19287343,0.21449469,-0.3364537,0.06977896,0.12749153,0.39523038,-0.3025891,-0.049064435,-0.04872508,-0.13468824,-0.30937532,0.38738132,0.013641017,0.46629313,-0.23225936
0.17728612,-0.25510782,0.38541144,-0.18237813,-0.33701482,-0.36678824,-0.28275362,0.3835918,0.513192,0.17925173,0.32964572,0.36724776,0.3826633,-0.1746909,-0.30749527
0.23574392,-0.3994553,0.5363678,-0.36538288,-0.40998864,-0.5796429,-0.37963888,0.5673047,0.61748755,0.29581386,0.49899995,0.49746582,0.4939858,-0.4548028,-0.47300708
0.1847737,-0.3382675,0.43459994,-0.3129409,-0.33086982,-0.48562774,-0.35584468,0.52397615,0.54201394,0.25864384,0.38701317,0.49559945,0.4578334,-0.33572692,-0.42188442
-0.3435967,0.44045514,-0.52958155,0.36047763,0.15359612,0.71758205,-0.2054444,-0.4015724,-0.24818398,-0.46489516,-0.49625295,0.09351284,-0.15103103,0.6756608,0.17622398
-0.37974724,0.7373529,-0.9530287,0.72892916,0.767812,0.96900845,0.015657278,-0.827759,-0.58574,-0.42860046,-0.9129186,-0.06709728,-0.6226682,0.95557225,0.74498504
0.11027784,-0.32994023,0.2758578,0.07785362,-0.5107293,-0.10094405,-0.34489018,0.19124973,0.49735665,-0.005564247,0.20743775,0.29504788,0.25527066,0.022558361,-0.18464899
0.16213857,-0.4147224,0.4636507,-0.20012866,-0.45777765,-0.40044785,-0.3798217,0.46018457,0.5739088,0.16102281,0.38787544,0.44948936,0.39487365,-0.28265616,-0.34812737
-0.30109003,0.6215683,-0.882153,0.76604676,0.40812355,0.94819677,-0.012035942,-0.8087622,-0.41525546,-0.46587625,-0.7953623,-0.2470253,-0.6129328,0.93346,0.6010773
0.18060185,-0.2704247,0.47730651,-0.39740598,-0.2685058,-0.50557023,-0.36568382,0.5278698,0.568822,0.23946388,0.46055776,0.4834707,0.46469256,-0.42903736,-0.43216088
0.25531688,-0.35007423,0.6702453,-0.52688205,-0.41518563,-0.67607147,-0.42392206,0.6161891,0.69446826,0.26949468,0.67330575,0.48129305,0.5463374,-0.6650795,-0.55333644
0.27037784,-0.42009783,0.68513286,-0.49660623,-0.499699,-0.69990176,-0.43333185,0.6355752,0.70185107,0.28668624,0.67491555,0.4931908,0.5621897,-0.66091526,-0.57936174
0.29285085,-0.48718137,0.70113426,-0.48138887,-0.5660472,-0.7349496,-0.4439131,0.66192317,0.70939183,0.34223303,0.68378645,0.52006173,0.563261,-0.6508943,-0.6520268
-0.39012647,0.6378887,-0.95078844,0.93352854,0.36747104,0.98198724,0.09515658,-0.9267813,-0.78561586,-0.6620784,-0.94127023,-0.3331788,-0.7938019,0.9806797,0.74161154
-0.38166177,0.7448045,-0.9306056,0.7775818,0.65373456,0.9584656,0.00015749036,-0.85335135,-0.6890901,-0.49537855,-0.8912856,-0.08434342,-0.67217934,0.9535464,0.55520165
0.26256406,-0.41622287,0.6827161,-0.47948834,-0.50872654,-0.6843541,-0.4307741,0.62607914,0.6999387,0.24517784,0.6664661,0.47630006,0.5756483,-0.6657208,-0.5225777
-0.05278635,-0.23257206,0.22849792,-0.041340593,-0.18538848,-0.24813941,-0.27953216,0.44083413,0.12888415,-0.16789328,0.10516114,0.43132198,0.115248576,-0.39330843,-0.31752604
0.2849693,-0.48470756,0.69902474,-0.4645979,-0.57483524,-0.7215262,-0.44219944,0.653519,0.7083431,0.30287364,0.67596996,0.5041908,0.5771844,-0.6562606,-0.6034509
0.22377533,-0.39234933,0.47614095,-0.3171996,-0.3775555,-0.5312869,-0.36042994,0.54203904,0.58435637,0.2980991,0.42688686,0.49840555,0.4690575,-0.3699881,-0.43323225
0.10277866,-0.14995797,0.24969098,-0.28389567,-0.13294499,-0.2814547,-0.3240404,0.42749608,0.45430285,0.17432618,0.26261944,0.45332313,0.3835094,-0.21064892,-0.30450803
0.2849693,-0.48470756,0.69902474,-0.4645979,-0.57483524,-0.7215262,-0.44219944,0.653519,0.7083431,0.30287364,0.67596996,0.5041908,0.5771844,-0.6562606,-0.6034509
-0.37842688,0.62867963,-0.534081,0.35319665,0.3560392,0.7825408,-0.15510865,-0.60546535,-0.32945108,-0.54674727,-0.50587165,-0.05273376,-0.3076729,0.7437334,0.24693078
0.1896963,-0.33905023,0.51136285,-0.34740132,-0.36059052,-0.48864138,-0.37951043,0.5061636,0.60387665,0.21066356,0.48013285,0.46160504,0.44032222,-0.42149597,-0.40185553
0.19924052,-0.3129158,0.30723685,-0.19877318,-0.37061778,-0.35481596,-0.37732875,0.3957338,0.56505394,0.2663606,0.35355067,0.44177625,0.33432207,-0.20012684,-0.4541075
-0.5053299,0.8196588,-0.958057,0.8872845,0.6799083,0.9836827,0.13103226,-0.919968,-0.82750064,-0.6894422,-0.9320314,-0.33548978,-0.7839033,0.9767094,0.7443552
0.08137858,0.028436307,-0.068284266,0.007837216,0.010480958,0.15813415,-0.2521396,-0.027577264,0.33839864,0.057024464,-0.039811704,0.28448766,0.09762845,0.25983837,-0.055005524
0.2248135,-0.5035772,0.6893108,-0.36185274,-0.6358608,-0.6290611,-0.45925733,0.5857208,0.70002985,0.16339327,0.6489655,0.45366883,0.5122832,-0.5945603,-0.53400415
0.23574392,-0.3994553,0.5363678,-0.36538288,-0.40998864,-0.5796429,-0.37963888,0.5673047,0.61748755,0.29581386,0.49899995,0.49746582,0.4939858,-0.4548028,-0.47300708
0.22007616,-0.3272169,0.51692516,-0.4012478,-0.31748438,-0.5499796,-0.36987874,0.54556334,0.60899395,0.2791548,0.49742916,0.48596874,0.47610146,-0.46060756,-0.44323632
0.24768873,-0.4316644,0.5233197,-0.33383745,-0.47572017,-0.5832003,-0.39341432,0.57616043,0.63366675,0.32537445,0.51470685,0.4963253,0.48113468,-0.43948007,-0.53531367
-0.6078936,0.86109835,-0.9866644,0.9436799,0.84731495,0.9940424,0.28374177,-0.96282583,-0.9407222,-0.7855322,-0.9840627,-0.38172004,-0.8904277,0.9929845,0.8544248
-0.42348102,0.71598476,-0.90378535,0.5523989,0.7160441,0.92829484,0.04889862,-0.6217421,-0.47499096,-0.4072937,-0.8156007,-0.08378763,-0.46620995,0.8962484,0.6359068
-0.47655922,0.7851673,-0.9700664,0.81045705,0.80309826,0.9713014,0.14355037,-0.8470289,-0.77820456,-0.5028607,-0.949349,-0.09673855,-0.6825271,0.9699513,0.71506494
0.03217456,-0.013494535,0.17596225,-0.251322,-0.11712321,-0.20060205,-0.3726933,0.27549416,0.33055827,0.0598829,0.18634793,0.44591588,0.3209632,-0.11783477,-0.4236505
0.27398658,-0.47879612,0.6562069,-0.42133984,-0.5493322,-0.6873602,-0.4251419,0.6328606,0.68308395,0.30627814,0.62413114,0.5058106,0.5563061,-0.59536594,-0.57160467
-0.39656553,0.68730265,-0.9530724,0.8502874,0.61153734,0.97776085,0.017956844,-0.87939996,-0.6965876,-0.5314875,-0.9256443,-0.14116712,-0.7084619,0.9720051,0.7105912
-0.5312676,0.79535276,-0.9124375,0.845997,0.7078477,0.9495978,0.16116084,-0.9065892,-0.9099669,-0.75262845,-0.9423353,-0.15301324,-0.8735526,0.9615345,0.34045938
-0.39454988,0.6615485,-0.95267636,0.86551535,0.5502786,0.9586013,0.1169248,-0.86406183,-0.7344701,-0.47933006,-0.935398,-0.17492417,-0.72183245,0.97286147,0.55110884
-0.33660263,0.58820426,-0.9159213,0.7114341,0.5548982,0.94836056,-0.05631019,-0.7408454,-0.4461737,-0.42198178,-0.85848635,-0.03479022,-0.52323586,0.9246963,0.68157804
-0.10802101,0.12941775,-0.9018863,0.83986,0.12052779,0.913725,-0.1911152,-0.7841392,-0.37781692,-0.06395573,-0.8798136,0.16930863,-0.6401297,0.96094877,0.17340532
0.2590688,-0.41331762,0.64083785,-0.45528844,-0.4711494,-0.6638947,-0.41616994,0.6140879,0.676217,0.29017037,0.6230648,0.49486578,0.54060304,-0.6005537,-0.54616463
0.25012156,-0.38537592,0.46013454,-0.29594204,-0.402953,-0.538052,-0.37686536,0.49724865,0.5855768,0.30433762,0.41955584,0.49143362,0.46667618,-0.36150947,-0.46032926
-0.33323407,0.6400537,-0.912213,0.54622716,0.70854163,0.92680156,-0.030115359,-0.6208828,-0.3706477,-0.30579513,-0.8386615,0.050274186,-0.41258922,0.888271,0.69519526
-0.3027907,0.61361545,-0.8026548,0.5924182,0.48296496,0.8685376,-0.10077385,-0.6954328,-0.48178127,-0.40800956,-0.7356649,0.03518844,-0.55151325,0.8600038,0.22479814
0.18673249,-0.29581067,0.32938763,-0.21970613,-0.42662272,-0.35100168,-0.37890178,0.4650791,0.61816996,0.19921182,0.43716624,0.38708362,0.42364964,-0.3541233,-0.34566498
-0.34742814,0.5549632,-0.81965166,0.62029505,0.42735508,0.9188701,-0.10830485,-0.6958156,-0.34082878,-0.5067567,-0.74807566,-0.07987477,-0.45860445,0.8721689,0.61159456
-0.12472171,0.41720185,-0.6784442,0.38220084,0.3109481,0.80985576,-0.18906304,-0.47306785,0.16657795,-0.25113449,-0.4268271,-0.021252215,-0.28684765,0.6404118,0.49406487
-0.2402951,0.5158385,-0.7733641,0.8170366,0.09713057,0.91490495,-0.07795125,-0.88103783,-0.4835493,-0.5407923,-0.7997095,-0.2700939,-0.64361495,0.9393859,0.46465227
0.24076954,-0.43059403,0.68064976,-0.44857758,-0.5354722,-0.65391505,-0.44208807,0.60187906,0.6975868,0.21734075,0.6621624,0.46839875,0.53035206,-0.63198805,-0.54438776
0.23882832,-0.40218055,0.58792275,-0.39268574,-0.45079288,-0.60521716,-0.3952894,0.58097804,0.6455782,0.25109375,0.55338526,0.47942016,0.5322144,-0.53822196,-0.4476472
0.2452447,-0.32925707,0.6544069,-0.4813008,-0.43219653,-0.64634836,-0.40318108,0.57980776,0.67974615,0.23585038,0.65282315,0.44287932,0.5269525,-0.6224584,-0.5283299
-0.5101987,0.75434846,-0.9373904,0.8437376,0.6705668,0.96603525,0.15419963,-0.84644276,-0.79813796,-0.7241363,-0.91499174,-0.28979778,-0.7665714,0.9416783,0.6970387
-0.53451574,0.81094074,-0.97445047,0.93641365,0.71598995,0.9873982,0.22549695,-0.9410368,-0.9204148,-0.72308826,-0.9712455,-0.26542297,-0.8795779,0.9878479,0.69008446
0.17383751,-0.24717282,0.32102057,-0.23426698,-0.25525516,-0.34360224,-0.3102295,0.4218445,0.5265064,0.22287197,0.31695423,0.41972372,0.38590002,-0.21548915,-0.2969045
-0.3512817,0.69496745,-0.9408606,0.86720604,0.6764103,0.96209705,0.12228095,-0.89927906,-0.80625314,-0.6189086,-0.9375535,-0.21009713,-0.82964176,0.9557618,0.57508016
-0.5260437,0.70616573,-0.9310058,0.8761698,0.62820154,0.9513925,0.14056572,-0.90674406,-0.8817072,-0.6629829,-0.95713794,-0.106059,-0.86654145,0.976752,0.3700391
0.17745179,-0.33157852,0.44922993,-0.2985516,-0.3268475,-0.43425405,-0.36036953,0.4787331,0.5701182,0.21370941,0.40650612,0.46294823,0.41376886,-0.33403972,-0.35948712
-0.1319593,0.35048667,-0.75001216,0.4125729,0.34084624,0.78836715,-0.20293307,-0.4111472,0.031281374,-0.029407531,-0.53932,0.1735951,-0.36747038,0.76353097,0.14640711
0.22274728,-0.3048108,0.37123075,-0.28487936,-0.27492827,-0.4528147,-0.3477569,0.44448853,0.5411751,0.2903154,0.33970177,0.48083538,0.42200172,-0.27646685,-0.38863027
0.23934624,-0.45989367,0.49621084,-0.27829665,-0.46422452,-0.56059796,-0.36985236,0.56322765,0.59238374,0.31376508,0.42814884,0.5090105,0.48667264,-0.36351836,-0.46245036
0.23934624,-0.45989367,0.49621084,-0.27829665,-0.46422452,-0.56059796,-0.36985236,0.56322765,0.59238374,0.31376508,0.42814884,0.5090105,0.48667264,-0.36351836,-0.46245036
-0.3120709,0.21219322,-0.7357535,0.4852718,0.60074764,0.6265984,-0.02838048,-0.2038553,-0.6803564,-0.32039255,-0.82581514,0.4670796,-0.48158446,0.65024704,0.09566269
-0.18559502,0.6225299,-0.83154184,0.54487675,0.54355234,0.87021583,0.014190659,-0.6491851,-0.18920757,-0.25937954,-0.6816045,-0.15242177,-0.4302627,0.8406085,0.5170349
-0.48373654,0.7176354,-0.9408532,0.84784675,0.5471604,0.96505135,0.0726425,-0.826436,-0.7754405,-0.5994342,-0.91041857,-0.13079354,-0.7019704,0.9597368,0.55771923
0.09625239,-0.3987855,0.50829005,-0.28287038,-0.3364697,-0.5668882,-0.35769975,0.5934104,0.3869157,0.0863817,0.38434073,0.5320096,0.32526818,-0.55075747,-0.53400695
0.03130259,0.30181858,-0.5324126,0.50007015,0.12853965,0.7207176,-0.22685678,-0.73346645,-0.019325761,-0.26397836,-0.55124825,-0.032008227,-0.38618773,0.7806873,0.21038477
-0.22528717,0.36652294,-0.93904495,0.87580895,0.28045216,0.9575831,0.002136525,-0.84153813,-0.49146363,-0.39612997,-0.9232084,-0.14961627,-0.6186122,0.96944225,0.701124
0.20867632,-0.4706003,0.4901918,-0.21988063,-0.5017257,-0.5010082,-0.37970528,0.52509177,0.58755094,0.24743104,0.40904978,0.48545775,0.45109293,-0.3207178,-0.42250472
0.20867632,-0.4706003,0.4901918,-0.21988063,-0.5017257,-0.5010082,-0.37970528,0.52509177,0.58755094,0.24743104,0.40904978,0.48545775,0.45109293,-0.3207178,-0.42250472
0.20530401,-0.41063595,0.5307697,-0.31001744,-0.44978815,-0.5212491,-0.38927066,0.5292543,0.6126322,0.22808821,0.48156062,0.47338292,0.45880583,-0.41530737,-0.43309367
-0.3635281,0.69338274,-0.9555189,0.8886185,0.5485906,0.9772176,0.06952904,-0.9153497,-0.7343693,-0.54716027,-0.93943906,-0.25408468,-0.7187642,0.9802088,0.7194578
-0.23410453,0.3210262,-0.90630364,0.8100382,0.17244476,0.9260601,0.019029805,-0.7088574,-0.36427623,-0.32760644,-0.8772515,-0.11424048,-0.42552137,0.9451494,0.67977315
0.2849693,-0.48470756,0.69902474,-0.4645979,-0.57483524,-0.7215262,-0.44219944,0.653519,0.7083431,0.30287364,0.67596996,0.5041908,0.5771844,-0.6562606,-0.6034509
-0.19210935,0.6386398,-0.7541672,0.46815246,0.5122432,0.85166514,-0.16132686,-0.74255747,-0.2945228,-0.4000948,-0.6701911,-0.030779138,-0.40147495,0.8130279,0.42085296
0.14554565,-0.17480187,0.532122,-0.45494518,-0.27249378,-0.45762962,-0.40381745,0.49097562,0.6245313,0.11315743,0.5753659,0.411097,0.44475555,-0.5478676,-0.40974215
0.20802464,-0.31959793,0.45519254,-0.3546434,-0.28283715,-0.4996832,-0.35050923,0.5195756,0.5755122,0.2816939,0.42530954,0.4871063,0.4505956,-0.37624034,-0.40239397
-0.29392037,0.5361152,-0.90871453,0.84421986,0.25779286,0.95451736,0.053241834,-0.8365596,-0.45428625,-0.49172416,-0.8650959,-0.321589,-0.583407,0.9564456,0.7002146
-0.16209467,0.33293203,-0.6709809,0.29365927,0.4774289,0.66405517,-0.15450452,-0.31718883,-0.21752137,-0.10272026,-0.6477005,0.33152705,-0.17486681,0.70987964,0.22814356
0.26398695,-0.44754216,0.6684475,-0.3620128,-0.6014135,-0.6659366,-0.40113115,0.5824573,0.6782926,0.23570906,0.633547,0.42662293,0.53851813,-0.56451327,-0.55552316
0.25115457,-0.46640524,0.5548612,-0.32794097,-0.49397835,-0.6069875,-0.38888732,0.58770955,0.625128,0.3116612,0.5001597,0.50821346,0.5110098,-0.4486722,-0.5010377
0.24229638,-0.3856148,0.37333098,-0.18433598,-0.42628634,-0.45023045,-0.38565144,0.38664183,0.5489656,0.28689086,0.32542017,0.4769429,0.38310844,-0.2040673,-0.4711027
-0.2101688,0.36825112,-0.8273073,0.82769936,-0.06719659,0.9277312,0.00089681114,-0.77960974,-0.21447858,-0.512053,-0.76603514,-0.3558087,-0.47108728,0.91800404,0.7099724
0.19586544,-0.31196085,0.3884922,-0.30604106,-0.24739838,-0.44543883,-0.33061528,0.49243158,0.53960747,0.28400132,0.3470335,0.48804525,0.4241731,-0.28501332,-0.3597622
-0.044288907,-0.05343249,-0.28077936,0.19276096,-0.08201897,0.3841417,-0.2773205,-0.00030729917,0.22762974,-0.038256746,-0.24294312,0.32165962,0.048618097,0.43165508,0.03988232
-0.385473,0.65116906,-0.9732975,0.9335828,0.6282169,0.9859173,0.15725291,-0.9442774,-0.8097971,-0.64590997,-0.97209686,-0.35383236,-0.83961695,0.98850924,0.786978
0.24751662,-0.40644044,0.591286,-0.41149035,-0.44122013,-0.62384456,-0.39824784,0.5913283,0.64811003,0.2931926,0.5644567,0.49628845,0.51785403,-0.531831,-0.5106904
-0.5561806,0.837259,-0.97790337,0.9356955,0.7797934,0.98649096,0.28928867,-0.9427359,-0.94492537,-0.7577275,-0.97806627,-0.2507412,-0.9042723,0.98815465,0.64200634
0.24751662,-0.40644044,0.591286,-0.41149035,-0.44122013,-0.62384456,-0.39824784,0.5913283,0.64811003,0.2931926,0.5644567,0.49628845,0.51785403,-0.531831,-0.5106904
0.24374807,-0.34244707,0.6244651,-0.48752415,-0.3837882,-0.63815963,-0.4066641,0.5938954,0.6684606,0.2731174,0.62146884,0.48306912,0.52403456,-0.60528016,-0.51882696
-0.23050411,0.077613324,-0.7918035,0.7862587,-0.1010516,0.84091103,-0.25929776,-0.72141504,-0.46997792,-0.27239263,-0.84504354,0.26371616,-0.49707705,0.93216497,0.11764167
-0.29850715,0.5375186,-0.8617509,0.7535402,0.253257,0.9234762,-0.1205352,-0.74926174,-0.46083125,-0.4554115,-0.78766096,-0.038970377,-0.50877786,0.90190995,0.46270907
-0.18824482,-0.19661598,-0.60724676,0.7029889,-0.1903377,0.73450744,-0.23359391,-0.44551748,-0.2788039,-0.40697855,-0.7306682,0.25498277,-0.39143428,0.77380073,0.34706542
-0.43716228,0.33259425,-0.91331416,0.8387795,0.4251027,0.9380924,0.017101318,-0.713734,-0.73290783,-0.6056822,-0.92916954,0.08492619,-0.6866466,0.9307022,0.6211474
0.1677635,-0.41836378,0.33593473,-0.04262111,-0.46071875,-0.36750838,-0.33801737,0.3899273,0.4536115,0.1662457,0.21071044,0.44726816,0.33728006,-0.12815206,-0.36585346
0.13411796,-0.33585975,0.37531912,-0.18771318,-0.3357099,-0.3017498,-0.35043523,0.40520155,0.5280028,0.14646903,0.3056419,0.4389434,0.34696153,-0.19362631,-0.26920778
0.2590688,-0.41331762,0.64083785,-0.45528844,-0.4711494,-0.6638947,-0.41616994,0.6140879,0.676217,0.29017037,0.6230648,0.49486578,0.54060304,-0.6005537,-0.54616463
0.25115457,-0.46640524,0.5548612,-0.32794097,-0.49397835,-0.6069875,-0.38888732,0.58770955,0.625128,0.3116612,0.5001597,0.50821346,0.5110098,-0.4486722,-0.5010377
0.20802464,-0.31959793,0.45519254,-0.3546434,-0.28283715,-0.4996832,-0.35050923,0.5195756,0.5755122,0.2816939,0.42530954,0.4871063,0.4505956,-0.37624034,-0.40239397
0.25115457,-0.46640524,0.5548612,-0.32794097,-0.49397835,-0.6069875,-0.38888732,0.58770955,0.625128,0.3116612,0.5001597,0.50821346,0.5110098,-0.4486722,-0.5010377
0.27037784,-0.42009783,0.68513286,-0.49660623,-0.499699,-0.69990176,-0.43333185,0.6355752,0.70185107,0.28668624,0.67491555,0.4931908,0.5621897,-0.66091526,-0.57936174
0.25115457,-0.46640524,0.5548612,-0.32794097,-0.49397835,-0.6069875,-0.38888732,0.58770955,0.625128,0.3116612,0.5001597,0.50821346,0.5110098,-0.4486722,-0.5010377
-0.38308328,0.5863201,-0.94403684,0.854269,0.48369294,0.963238,0.14190923,-0.83701205,-0.6011175,-0.5413109,-0.9255276,-0.31019136,-0.6033638,0.96479654,0.78814954
0.11351628,0.056494318,0.38156128,-0.38801453,-0.05947715,-0.22942379,-0.3684848,0.20042598,0.5286124,-0.009889249,0.4380346,0.31368217,0.3071112,-0.37379554,-0.27585328
0.22377533,-0.39234933,0.47614095,-0.3171996,-0.3775555,-0.5312869,-0.36042994,0.54203904,0.58435637,0.2980991,0.42688686,0.49840555,0.4690575,-0.3699881,-0.43323225
-0.30400044,0.5797903,-0.9412363,0.8756263,0.4831979,0.972213,0.039398424,-0.8884279,-0.6152471,-0.567937,-0.92250526,-0.2764434,-0.7111708,0.9666763,0.7674745
-0.20184171,0.44732803,-0.9612511,0.87673193,0.47246483,0.9621527,-0.00023941694,-0.8566683,-0.59638655,-0.31508094,-0.94888496,-0.012774114,-0.6222866,0.9752142,0.68280685
0.25115457,-0.46640524,0.5548612,-0.32794097,-0.49397835,-0.6069875,-0.38888732,0.58770955,0.625128,0.3116612,0.5001597,0.50821346,0.5110098,-0.4486722,-0.5010377
0.014754355,-0.025691433,0.29611468,-0.37965047,-0.059855483,-0.30012473,-0.34672084,0.44898164,0.3753646,0.071662106,0.29596215,0.46974307,0.41232562,-0.29067302,-0.38526183
-0.10861109,0.25164518,-0.8193509,0.7617209,-0.03317817,0.88031685,-0.09195398,-0.67849714,-0.10721225,-0.28788525,-0.73534894,-0.12715547,-0.3903894,0.88956875,0.5453277
0.24751662,-0.40644044,0.591286,-0.41149035,-0.44122013,-0.62384456,-0.39824784,0.5913283,0.64811003,0.2931926,0.5644567,0.49628845,0.51785403,-0.531831,-0.5106904
-0.10495225,0.09762088,-0.27153084,0.31962723,-0.26878405,0.47142404,-0.27916932,-0.1801967,0.17712691,-0.27440813,-0.18761085,0.12698507,0.04335094,0.42346212,0.06148244
0.2475424,-0.34547195,0.6679238,-0.51028323,-0.4250389,-0.6594111,-0.42106086,0.60605544,0.69219005,0.22729231,0.66485626,0.46405393,0.5601207,-0.6698046,-0.4938628
0.2475424,-0.34547195,0.6679238,-0.51028323,-0.4250389,-0.6594111,-0.42106086,0.60605544,0.69219005,0.22729231,0.66485626,0.46405393,0.5601207,-0.6698046,-0.4938628
-0.538185,0.8602121,-0.97575355,0.92595065,0.8012086,0.9889606,0.24543098,-0.9504114,-0.9244124,-0.7423987,-0.97028714,-0.3239833,-0.8860948,0.98783886,0.73433936
0.1847737,-0.3382675,0.43459994,-0.3129409,-0.33086982,-0.48562774,-0.35584468,0.52397615,0.54201394,0.25864384,0.38701317,0.49559945,0.4578334,-0.33572692,-0.42188442
0.2849693,-0.48470756,0.69902474,-0.4645979,-0.57483524,-0.7215262,-0.44219944,0.653519,0.7083431,0.30287364,0.67596996,0.5041908,0.5771844,-0.6562606,-0.6034509
-0.4403796,0.66286755,-0.93018144,0.8489964,0.43121082,0.9590309,0.04119669,-0.809771,-0.73467433,-0.51998585,-0.8933457,-0.08842477,-0.6991304,0.9605739,0.43788126
0.22377533,-0.39234933,0.47614095,-0.3171996,-0.3775555,-0.5312869,-0.36042994,0.54203904,0.58435637,0.2980991,0.42688686,0.49840555,0.4690575,-0.3699881,-0.43323225
0.10535227,-0.20363271,0.24055809,-0.13408187,-0.29258803,-0.19980378,-0.37457162,0.24945846,0.43582287,0.07215909,0.197883,0.41461295,0.31370205,-0.094439015,-0.3035733
0.1408529,-0.33297873,0.29510355,-0.094439045,-0.41618237,-0.32773474,-0.34761688,0.37037602,0.44087425,0.18298069,0.21355203,0.44828534,0.3553293,-0.057864998,-0.42113757
-0.06027611,0.098849945,-0.3494534,0.30405736,-0.115242966,0.45800003,-0.22430317,-0.18070662,0.13080743,-0.1536695,-0.3049823,0.17732975,0.040227737,0.5137968,0.106297575
0.2590688,-0.41331762,0.64083785,-0.45528844,-0.4711494,-0.6638947,-0.41616994,0.6140879,0.676217,0.29017037,0.6230648,0.49486578,0.54060304,-0.6005537,-0.54616463
-0.34381628,0.34526426,-0.85290843,0.71247023,0.30972782,0.89614743,-0.04651678,-0.586118,-0.46380353,-0.4183107,-0.8372278,0.060021132,-0.44421628,0.8998765,0.5507494
0.25531688,-0.35007423,0.6702453,-0.52688205,-0.41518563,-0.67607147,-0.42392206,0.6161891,0.69446826,0.26949468,0.67330575,0.48129305,0.5463374,-0.6650795,-0.55333644
0.26738456,-0.41686547,0.64333385,-0.472489,-0.4612764,-0.67989075,-0.41848475,0.6235708,0.67799157,0.33072197,0.6321763,0.51116085,0.5259585,-0.5945768,-0.60061014
0.24751662,-0.40644044,0.591286,-0.41149035,-0.44122013,-0.62384456,-0.39824784,0.5913283,0.64811003,0.2931926,0.5644567,0.49628845,0.51785403,-0.531831,-0.5106904
-0.18687132,0.4696654,-0.92997825,0.83869225,0.5013405,0.95357805,-0.07835947,-0.85553664,-0.5643062,-0.3112563,-0.90596634,-0.015456189,-0.7402905,0.9590966,0.45829985
0.20265415,-0.37517822,0.3485515,-0.19761585,-0.41565585,-0.40702993,-0.35480514,0.4901731,0.57250786,0.26168737,0.35586125,0.45237708,0.43115214,-0.2683898,-0.36448616
-0.32473904,0.578126,-0.94883466,0.9181272,0.30733284,0.96433026,0.07063641,-0.8953857,-0.73611784,-0.4441172,-0.93348956,-0.18031602,-0.77882445,0.9790837,0.4665844
0.07199941,-0.18079633,-0.15359144,0.14521003,-0.15141293,0.1483885,-0.28166512,0.067634985,0.27345198,0.0985758,-0.20404483,0.3913826,0.16195184,0.3559455,-0.044689108
-0.3310074,0.56557983,-0.89904845,0.8171962,0.39768067,0.9541494,-0.075661846,-0.8611231,-0.60540384,-0.547373,-0.889224,-0.12191357,-0.61208206,0.95457923,0.64174294
-0.05154972,-0.07372499,-0.2679806,0.3785775,-0.20140958,0.46602783,-0.2683234,-0.26928353,0.11763176,-0.16351518,-0.37473908,0.24252866,-0.06597827,0.60996914,0.081074886
-0.45177108,0.61980754,-0.9021605,0.816901,0.4091599,0.950051,-0.021805523,-0.8308593,-0.70751864,-0.5760181,-0.8924171,-0.092844576,-0.6410782,0.9562481,0.5322395
0.26256406,-0.41622287,0.6827161,-0.47948834,-0.50872654,-0.6843541,-0.4307741,0.62607914,0.6999387,0.24517784,0.6664661,0.47630006,0.5756483,-0.6657208,-0.5225777
0.2475424,-0.34547195,0.6679238,-0.51028323,-0.4250389,-0.6594111,-0.42106086,0.60605544,0.69219005,0.22729231,0.66485626,0.46405393,0.5601207,-0.6698046,-0.4938628
0.25115457,-0.46640524,0.5548612,-0.32794097,-0.49397835,-0.6069875,-0.38888732,0.58770955,0.625128,0.3116612,0.5001597,0.50821346,0.5110098,-0.4486722,-0.5010377
0.25078484,-0.4092308,0.6379598,-0.43731576,-0.48044583,-0.64682716,-0.41340217,0.60416085,0.6740041,0.2483175,0.6133411,0.47797057,0.5545329,-0.6061449,-0.48621196
0.25231463,-0.45408478,0.58995485,-0.32100824,-0.53679764,-0.61658645,-0.38625503,0.5736009,0.63817567,0.27589208,0.5398425,0.4695088,0.513879,-0.47103238,-0.5110183
-0.41249293,0.7322429,-0.9442468,0.76868385,0.72554344,0.95376277,0.108017065,-0.7992723,-0.68958575,-0.5143787,-0.90972376,-0.13383524,-0.65517324,0.9414935,0.66188323
0.24751662,-0.40644044,0.591286,-0.41149035,-0.44122013,-0.62384456,-0.39824784,0.5913283,0.64811003,0.2931926,0.5644567,0.49628845,0.51785403,-0.531831,-0.5106904
0.22377533,-0.39234933,0.47614095,-0.3171996,-0.3775555,-0.5312869,-0.36042994,0.54203904,0.58435637,0.2980991,0.42688686,0.49840555,0.4690575,-0.3699881,-0.43323225
-0.39312693,0.75192934,-0.82967347,0.5459891,0.59002495,0.90819335,-0.06303433,-0.71182513,-0.50381136,-0.43510482,-0.70105654,-0.048591904,-0.5526281,0.8935248,0.27701715
-0.40030476,0.6557044,-0.8702632,0.7367924,0.5650758,0.9247364,-0.034962147,-0.8214749,-0.6960381,-0.58511096,-0.87631106,-0.04003888,-0.6360095,0.9262129,0.48836514
0.25531688,-0.35007423,0.6702453,-0.52688205,-0.41518563,-0.67607147,-0.42392206,0.6161891,0.69446826,0.26949468,0.67330575,0.48129305,0.5463374,-0.6650795,-0.55333644
0.27398658,-0.47879612,0.6562069,-0.42133984,-0.5493322,-0.6873602,-0.4251419,0.6328606,0.68308395,0.30627814,0.62413114,0.5058106,0.5563061,-0.59536594,-0.57160467
-0.39157677,0.68002987,-0.8822883,0.5999022,0.6367292,0.9177981,-0.023998978,-0.69108224,-0.52887905,-0.44300145,-0.81942755,-0.014972029,-0.48006743,0.8992433,0.5428508
0.16812627,-0.2958878,0.51780355,-0.40310594,-0.35045534,-0.542469,-0.3893641,0.55696136,0.57019687,0.21335524,0.4958453,0.49028873,0.4948551,-0.47204542,-0.4897345
0.23199277,-0.33483014,0.57338315,-0.44560423,-0.35118145,-0.59615266,-0.38862556,0.5703474,0.63998115,0.27631736,0.5628764,0.4846255,0.5006045,-0.53711486,-0.48209545
0.2475424,-0.34547195,0.6679238,-0.51028323,-0.4250389,-0.6594111,-0.42106086,0.60605544,0.69219005,0.22729231,0.66485626,0.46405393,0.5601207,-0.6698046,-0.4938628
0.20777187,-0.28412253,0.47978115,-0.38814723,-0.3063582,-0.50136495,-0.3717734,0.5221799,0.6153949,0.251169,0.49989367,0.45663476,0.46095073,-0.4592405,-0.4147711
-0.05642632,0.21117274,-0.02835528,-0.26577774,0.16050279,-0.028458018,-0.32312554,0.20297888,0.15877344,-0.013959292,0.012373366,0.4361131,0.30336314,-0.009807391,-0.29792067
0.20311111,-0.28761932,0.5306519,-0.32119292,-0.39646256,-0.49987984,-0.3420537,0.47628066,0.6014357,0.16439055,0.4983278,0.38767046,0.47395566,-0.43242985,-0.3555272
0.20578748,-0.4139352,0.38504702,-0.10681392,-0.46362507,-0.42334482,-0.30577314,0.4510739,0.5135051,0.2477307,0.2835668,0.43285525,0.41584152,-0.13239071,-0.35925367
-0.36464795,0.6045874,-0.86970085,0.74954164,0.504036,0.9261549,-0.0943081,-0.8444025,-0.65747464,-0.41290534,-0.882607,0.07260889,-0.66263145,0.9569032,0.28775513
0.23199277,-0.33483014,0.57338315,-0.44560423,-0.35118145,-0.59615266,-0.38862556,0.5703474,0.63998115,0.27631736,0.5628764,0.4846255,0.5006045,-0.53711486,-0.48209545
-0.54188484,0.7783687,-0.94672006,0.8290245,0.6891897,0.9834334,0.03051092,-0.8923316,-0.7432723,-0.72410756,-0.9137997,-0.2858773,-0.73105145,0.96151173,0.81320626
-0.582684,0.8360187,-0.9696615,0.9085564,0.8042059,0.9799099,0.25900108,-0.9385966,-0.94123673,-0.76160437,-0.9762441,-0.20435603,-0.89908576,0.98585886,0.58274704
-0.026211765,-0.33844578,0.43751398,-0.22261615,-0.18279883,-0.5076112,-0.32338965,0.581757,0.13847992,-0.08561249,0.24802949,0.5476836,0.15382765,-0.5847203,-0.5374649
-0.57583034,0.82708573,-0.98084503,0.9421137,0.7666387,0.99201906,0.2364329,-0.9539429,-0.9248535,-0.7641804,-0.97720784,-0.3501683,-0.8741881,0.99068075,0.81746894
-0.16398257,0.58838564,-0.8872882,0.81845987,0.31515375,0.9351042,-0.044388477,-0.86814797,-0.47542498,-0.39249575,-0.8341115,-0.22077724,-0.62440604,0.9445857,0.5020356
0.2849693,-0.48470756,0.69902474,-0.4645979,-0.57483524,-0.7215262,-0.44219944,0.653519,0.7083431,0.30287364,0.67596996,0.5041908,0.5771844,-0.6562606,-0.6034509
0.24176492,-0.34272152,0.27819917,-0.10974281,-0.3804204,-0.39345154,-0.3322753,0.339511,0.49282488,0.28233227,0.21401277,0.44700092,0.38868058,-0.09119021,-0.37553373
0.24751662,-0.40644044,0.591286,-0.41149035,-0.44122013,-0.62384456,-0.39824784,0.5913283,0.64811003,0.2931926,0.5644567,0.49628845,0.51785403,-0.531831,-0.5106904
-0.4916906,0.58776116,-0.7893583,0.65614927,0.3795252,0.9332009,-0.13372202,-0.74586064,-0.5218781,-0.6627302,-0.7724647,-0.09174201,-0.5251562,0.8958231,0.5700913
0.30901396,-0.45347995,0.5276608,-0.30445033,-0.52763206,-0.63506025,-0.4208785,0.5113744,0.62655014,0.36082897,0.49526182,0.5098544,0.48885718,-0.42265356,-0.60227597
0.27398658,-0.47879612,0.6562069,-0.42133984,-0.5493322,-0.6873602,-0.4251419,0.6328606,0.68308395,0.30627814,0.62413114,0.5058106,0.5563061,-0.59536594,-0.57160467
-0.4151107,0.7338246,-0.87312764,0.704683,0.61590403,0.9457294,-0.05693149,-0.8549008,-0.6513125,-0.55397135,-0.85223883,-0.09798876,-0.64440614,0.944757,0.50644225
0.24751662,-0.40644044,0.591286,-0.41149035,-0.44122013,-0.62384456,-0.39824784,0.5913283,0.64811003,0.2931926,0.5644567,0.49628845,0.51785403,-0.531831,-0.5106904
0.25531688,-0.35007423,0.6702453,-0.52688205,-0.41518563,-0.67607147,-0.42392206,0.6161891,0.69446826,0.26949468,0.67330575,0.48129305,0.5463374,-0.6650795,-0.55333644
0.09522781,0.06492067,0.22952603,-0.32066125,-0.008261535,-0.24441129,-0.33593357,0.25916347,0.4056955,0.049391616,0.29918754,0.37269297,0.30433816,-0.30772772,-0.33683625
0.21789882,-0.42104116,0.45196104,-0.16002864,-0.49396157,-0.47990578,-0.32581386,0.4796702,0.5514456,0.2460002,0.3657174,0.43204525,0.44231766,-0.23034751,-0.40243584
0.24751662,-0.40644044,0.591286,-0.41149035,-0.44122013,-0.62384456,-0.39824784,0.5913283,0.64811003,0.2931926,0.5644567,0.49628845,0.51785403,-0.531831,-0.5106904
0.2636342,-0.36536002,0.59162486,-0.33046314,-0.52369726,-0.6041348,-0.3887729,0.4912927,0.643331,0.22705203,0.5679751,0.407868,0.49668896,-0.48966137,-0.5176237
0.17745179,-0.33157852,0.44922993,-0.2985516,-0.3268475,-0.43425405,-0.36036953,0.4787331,0.5701182,0.21370941,0.40650612,0.46294823,0.41376886,-0.33403972,-0.35948712
0.17955829,-0.45044422,0.66992015,-0.34294987,-0.6001028,-0.543573,-0.4582849,0.5259859,0.6883372,0.072567835,0.63347,0.4152473,0.46009406,-0.56606835,-0.46727732
0.21591513,-0.35385337,0.49849632,-0.23485649,-0.53493464,-0.48679718,-0.3687305,0.48367575,0.6326624,0.18357089,0.51691276,0.36522338,0.46241397,-0.40636346,-0.42896253
0.2849693,-0.48470756,0.69902474,-0.4645979,-0.57483524,-0.7215262,-0.44219944,0.653519,0.7083431,0.30287364,0.67596996,0.5041908,0.5771844,-0.6562606,-0.6034509
-0.373551,0.6473345,-0.9156228,0.75222623,0.55285674,0.9283358,0.10768404,-0.7306048,-0.57653147,-0.44778854,-0.86486465,-0.18193062,-0.56734914,0.9303284,0.57294804
-0.46910766,0.6154258,-0.9271675,0.8504099,0.35751534,0.964196,0.09904129,-0.81359285,-0.6574267,-0.6285561,-0.89750904,-0.3079129,-0.58597565,0.95758516,0.7323686
0.25115457,-0.46640524,0.5548612,-0.32794097,-0.49397835,-0.6069875,-0.38888732,0.58770955,0.625128,0.3116612,0.5001597,0.50821346,0.5110098,-0.4486722,-0.5010377
0.27037784,-0.42009783,0.68513286,-0.49660623,-0.499699,-0.69990176,-0.43333185,0.6355752,0.70185107,0.28668624,0.67491555,0.4931908,0.5621897,-0.66091526,-0.57936174
0.18302888,-0.23167594,0.3728755,-0.32698613,-0.26028267,-0.39210188,-0.3546452,0.4698267,0.5891881,0.22506957,0.43027154,0.4271702,0.41911376,-0.37311825,-0.34196487
0.2849693,-0.48470756,0.69902474,-0.4645979,-0.57483524,-0.7215262,-0.44219944,0.653519,0.7083431,0.30287364,0.67596996,0.5041908,0.5771844,-0.6562606,-0.6034509
-0.31764466,0.42073333,-0.74729425,0.7073914,0.20431872,0.8310554,-0.20306,-0.75937283,-0.5899565,-0.41217616,-0.80497235,0.17931004,-0.61846954,0.8938066,-0.04762957
0.24374807,-0.34244707,0.6244651,-0.48752415,-0.3837882,-0.63815963,-0.4066641,0.5938954,0.6684606,0.2731174,0.62146884,0.48306912,0.52403456,-0.60528016,-0.51882696
0.25531688,-0.35007423,0.6702453,-0.52688205,-0.41518563,-0.67607147,-0.42392206,0.6161891,0.69446826,0.26949468,0.67330575,0.48129305,0.5463374,-0.6650795,-0.55333644
0.27037784,-0.42009783,0.68513286,-0.49660623,-0.499699,-0.69990176,-0.43333185,0.6355752,0.70185107,0.28668624,0.67491555,0.4931908,0.5621897,-0.66091526,-0.57936174
-0.40967867,0.7044091,-0.91894287,0.63307494,0.6949485,0.9365976,-0.028494619,-0.7312823,-0.60389894,-0.37465224,-0.8690037,0.077560164,-0.52977806,0.93588525,0.49841955
-0.14339706,0.51748294,-0.8517017,0.67139536,0.4344869,0.9269729,-0.13984504,-0.7801949,-0.15595561,-0.3477821,-0.7398663,-0.15057966,-0.56378365,0.88345116,0.6193344
0.23199277,-0.33483014,0.57338315,-0.44560423,-0.35118145,-0.59615266,-0.38862556,0.5703474,0.63998115,0.27631736,0.5628764,0.4846255,0.5006045,-0.53711486,-0.48209545
0.24751662,-0.40644044,0.591286,-0.41149035,-0.44122013,-0.62384456,-0.39824784,0.5913283,0.64811003,0.2931926,0.5644567,0.49628845,0.51785403,-0.531831,-0.5106904
0.21196884,-0.346137,0.44124135,-0.28564054,-0.4665672,-0.4647853,-0.39545515,0.5180313,0.6430166,0.22608528,0.50649536,0.41815585,0.46547833,-0.44191244,-0.4182988
-0.34688452,0.75437766,-0.9530803,0.8669267,0.7252977,0.97317505,0.11403681,-0.9136491,-0.80428874,-0.520716,-0.9386783,-0.17153916,-0.8407982,0.9742976,0.52048075
0.27398658,-0.47879612,0.6562069,-0.42133984,-0.5493322,-0.6873602,-0.4251419,0.6328606,0.68308395,0.30627814,0.62413114,0.5058106,0.5563061,-0.59536594,-0.57160467
-0.44453833,0.7799282,-0.9764649,0.9225224,0.7131983,0.992026,0.15700582,-0.9550137,-0.811541,-0.6883164,-0.96598893,-0.4555622,-0.80387944,0.990057,0.87523293
-0.26302218,0.65329033,-0.9310754,0.85511285,0.5402106,0.9622591,0.051876854,-0.9188253,-0.6138545,-0.46128294,-0.9240598,-0.28502762,-0.70046294,0.97728306,0.64924556
0.11184706,-0.057936747,-0.2116586,0.045964424,-0.013652958,0.15086104,-0.27427274,0.064317815,0.34837875,0.17907427,-0.11604323,0.362175,0.13985112,0.28383487,-0.082273535
0.23934624,-0.45989367,0.49621084,-0.27829665,-0.46422452,-0.56059796,-0.36985236,0.56322765,0.59238374,0.31376508,0.42814884,0.5090105,0.48667264,-0.36351836,-0.46245036
-0.060450666,0.36744636,-0.48256978,0.20383675,0.2602267,0.5876839,-0.20885526,-0.3703778,0.11130859,-0.08438136,-0.30683953,0.14017868,-0.203805,0.59547734,0.013134425
0.27037784,-0.42009783,0.68513286,-0.49660623,-0.499699,-0.69990176,-0.43333185,0.6355752,0.70185107,0.28668624,0.67491555,0.4931908,0.5621897,-0.66091526,-0.57936174
0.24751662,-0.40644044,0.591286,-0.41149035,-0.44122013,-0.62384456,-0.39824784,0.5913283,0.64811003,0.2931926,0.5644567,0.49628845,0.51785403,-0.531831,-0.5106904
0.26017782,-0.4005334,0.6697798,-0.44885567,-0.51504374,-0.6717984,-0.41282877,0.60030013,0.6872038,0.2532645,0.6543739,0.45509356,0.54309285,-0.6177826,-0.55521435
0.26398695,-0.44754216,0.6684475,-0.3620128,-0.6014135,-0.6659366,-0.40113115,0.5824573,0.6782926,0.23570906,0.633547,0.42662293,0.53851813,-0.56451327,-0.55552316
0.20867632,-0.4706003,0.4901918,-0.21988063,-0.5017257,-0.5010082,-0.37970528,0.52509177,0.58755094,0.24743104,0.40904978,0.48545775,0.45109293,-0.3207178,-0.42250472
0.20187607,-0.38232386,0.23994626,0.11772041,-0.532723,-0.25864413,-0.3072596,0.21007442,0.45034853,0.16036819,0.11973998,0.34716964,0.3172423,0.11102886,-0.29739985
0.24751662,-0.40644044,0.591286,-0.41149035,-0.44122013,-0.62384456,-0.39824784,0.5913283,0.64811003,0.2931926,0.5644567,0.49628845,0.51785403,-0.531831,-0.5106904
-0.23561549,0.54211533,-0.62333,0.18339595,0.5345773,0.5920096,-0.23434307,-0.44975218,-0.40440625,-0.23685835,-0.6121592,0.36515847,-0.26902097,0.65363777,-0.19085987
0.24751662,-0.40644044,0.591286,-0.41149035,-0.44122013,-0.62384456,-0.39824784,0.5913283,0.64811003,0.2931926,0.5644567,0.49628845,0.51785403,-0.531831,-0.5106904
-0.32330674,0.5003071,-0.5478019,0.0091057345,0.4712215,0.6319146,-0.23105101,-0.108591475,-0.13094541,-0.27729234,-0.3946481,0.28465298,-0.048876658,0.49491465,0.086900674
-0.18808074,0.5787195,-0.7663234,0.59811616,0.4151957,0.8921308,-0.14819844,-0.78887707,-0.27481407,-0.4372687,-0.6936431,-0.12812836,-0.51708835,0.8618123,0.48130003
0.1847737,-0.3382675,0.43459994,-0.3129409,-0.33086982,-0.48562774,-0.35584468,0.52397615,0.54201394,0.25864384,0.38701317,0.49559945,0.4578334,-0.33572692,-0.42188442
0.22007616,-0.3272169,0.51692516,-0.4012478,-0.31748438,-0.5499796,-0.36987874,0.54556334,0.60899395,0.2791548,0.49742916,0.48596874,0.47610146,-0.46060756,-0.44323632
0.22007616,-0.3272169,0.51692516,-0.4012478,-0.31748438,-0.5499796,-0.36987874,0.54556334,0.60899395,0.2791548,0.49742916,0.48596874,0.47610146,-0.46060756,-0.44323632
-0.47084948,0.7075798,-0.94157684,0.8470057,0.6168845,0.96382356,0.048014197,-0.88543147,-0.8041238,-0.5697511,-0.9398096,-0.07788469,-0.73145145,0.9747012,0.5581475
-0.50377053,0.76249784,-0.9613633,0.80482215,0.738573,0.97619736,0.10305112,-0.8491016,-0.72707826,-0.57252663,-0.9334505,-0.19448785,-0.6569627,0.9679733,0.7748413
0.23556837,-0.33766034,0.6216702,-0.47002625,-0.3938912,-0.6199497,-0.4035934,0.58332056,0.665901,0.23062167,0.61176634,0.46581116,0.5383137,-0.6107861,-0.45624122
0.18060185,-0.2704247,0.47730651,-0.39740598,-0.2685058,-0.50557023,-0.36568382,0.5278698,0.568822,0.23946388,0.46055776,0.4834707,0.46469256,-0.42903736,-0.43216088
0.18759967,-0.41518095,0.6128664,-0.29550797,-0.5575926,-0.5197544,-0.41354692,0.4987658,0.650847,0.1145851,0.5683865,0.4039727,0.45065245,-0.4781171,-0.4419476
-0.59431297,0.70332295,-0.9781464,0.95205075,0.6256184,0.9860119,0.2228059,-0.9267185,-0.9424,-0.771048,-0.9826645,-0.13406153,-0.88162535,0.9881471,0.69196945
0.15841888,-0.49638206,0.5363305,-0.1515559,-0.5958266,-0.42285773,-0.41668522,0.46878448,0.61066943,0.10381098,0.44392806,0.4331263,0.4016968,-0.32150218,-0.37905154
0.22007616,-0.3272169,0.51692516,-0.4012478,-0.31748438,-0.5499796,-0.36987874,0.54556334,0.60899395,0.2791548,0.49742916,0.48596874,0.47610146,-0.46060756,-0.44323632
-0.3066606,0.62915826,-0.8391873,0.8051141,0.19754595,0.93804485,-0.03209777,-0.8082076,-0.4822627,-0.48525006,-0.73152936,-0.2353813,-0.64401394,0.9247571,0.39252228
0.26513866,-0.4531347,0.48055243,-0.25642455,-0.4877753,-0.5674876,-0.38603193,0.520049,0.5936703,0.32017335,0.42067862,0.5023323,0.48425642,-0.35472828,-0.4888322
0.17761831,-0.4808427,0.4836459,-0.15948173,-0.53721774,-0.4355692,-0.3892247,0.48399842,0.58249956,0.1783156,0.38878918,0.46066263,0.41373542,-0.27557167,-0.38029522
0.032405853,0.13226402,-0.34079495,0.04333625,0.0042426027,0.37492907,-0.26645362,0.09660451,0.45256457,0.029442728,0.01993185,0.19192483,0.14377408,0.12759764,0.13558851
-0.279887,0.6068958,-0.9342409,0.8014399,0.546662,0.9499256,0.12935187,-0.8238828,-0.4607361,-0.40517572,-0.90145755,-0.28712526,-0.54299927,0.95514786,0.7576549
-0.042041864,0.1887986,-0.85817045,0.7058774,0.15676394,0.83993214,-0.12673768,-0.62043476,-0.12364788,-0.0121475905,-0.791466,0.10252613,-0.3646151,0.9031596,0.36750042
-0.1316229,0.3386858,-0.8235326,0.6220589,0.24242945,0.85615456,-0.16511023,-0.5811028,-0.110410064,-0.15515971,-0.69892967,0.07738008,-0.38765776,0.84915626,0.37442788
0.20530401,-0.41063595,0.5307697,-0.31001744,-0.44978815,-0.5212491,-0.38927066,0.5292543,0.6126322,0.22808821,0.48156062,0.47338292,0.45880583,-0.41530737,-0.43309367
0.25531688,-0.35007423,0.6702453,-0.52688205,-0.41518563,-0.67607147,-0.42392206,0.6161891,0.69446826,0.26949468,0.67330575,0.48129305,0.5463374,-0.6650795,-0.55333644
0.22262113,-0.33766586,0.4816103,-0.34048873,-0.3897152,-0.543691,-0.39144653,0.5052114,0.57863146,0.2624182,0.45497188,0.48730183,0.47980258,-0.41439563,-0.4881761
0.27398658,-0.47879612,0.6562069,-0.42133984,-0.5493322,-0.6873602,-0.4251419,0.6328606,0.68308395,0.30627814,0.62413114,0.5058106,0.5563061,-0.59536594,-0.57160467
0.24374807,-0.34244707,0.6244651,-0.48752415,-0.3837882,-0.63815963,-0.4066641,0.5938954,0.6684606,0.2731174,0.62146884,0.48306912,0.52403456,-0.60528016,-0.51882696
0.22377533,-0.39234933,0.47614095,-0.3171996,-0.3775555,-0.5312869,-0.36042994,0.54203904,0.58435637,0.2980991,0.42688686,0.49840555,0.4690575,-0.3699881,-0.43323225
0.2414617,-0.43464598,0.5708046,-0.26398382,-0.55057764,-0.5812834,-0.3646402,0.53348905,0.6199789,0.24166392,0.512847,0.42978647,0.49251297,-0.4116966,-0.48324332
-0.18639907,0.39566472,-0.7723519,0.55476093,0.3926138,0.847501,-0.08854707,-0.5981549,-0.19759151,-0.2659792,-0.7310344,0.048944816,-0.33735663,0.8557601,0.52423453
0.2787235,-0.36071292,0.674779,-0.5716974,-0.38211212,-0.7196047,-0.42997724,0.64394426,0.6988579,0.3885419,0.6951509,0.5297178,0.5008041,-0.6481918,-0.69885105
0.34555277,-0.48429993,0.7043612,-0.5778224,-0.48384047,-0.8016713,-0.44188997,0.7088694,0.704427,0.571924,0.72285706,0.6137703,0.44603017,-0.5990224,-0.86347604
-0.09276231,0.1817595,-0.24355882,0.13942681,-0.03735557,0.36755005,-0.310908,-0.18616654,0.12518312,-0.08797633,-0.15647563,0.2743999,-0.10382169,0.4646106,-0.32140264
0.2248135,-0.5035772,0.6893108,-0.36185274,-0.6358608,-0.6290611,-0.45925733,0.5857208,0.70002985,0.16339327,0.6489655,0.45366883,0.5122832,-0.5945603,-0.53400415
-0.2272553,0.33971247,-0.6268506,0.4118255,0.12849325,0.730316,-0.15728375,-0.31382757,-0.07079382,-0.3126765,-0.50746864,0.07540085,-0.1067304,0.6723297,0.33610147
0.20576188,-0.35454306,0.49055693,-0.23224898,-0.45208013,-0.47966966,-0.33286256,0.47271904,0.576051,0.18422283,0.42786077,0.4017395,0.46636626,-0.33951318,-0.34464082
0.27037784,-0.42009783,0.68513286,-0.49660623,-0.499699,-0.69990176,-0.43333185,0.6355752,0.70185107,0.28668624,0.67491555,0.4931908,0.5621897,-0.66091526,-0.57936174
-0.42012116,0.72694165,-0.967199,0.91584116,0.5959361,0.98689646,0.10758235,-0.9314825,-0.7992061,-0.606741,-0.95241034,-0.29349425,-0.7856073,0.98620975,0.7655371
0.12791246,-0.34384337,0.29476073,-0.050063867,-0.40735725,-0.36466357,-0.35356554,0.34359717,0.360322,0.11517047,0.17862281,0.45823938,0.2620392,-0.15140243,-0.47734424
0.1743793,-0.42141902,0.52460027,-0.25203237,-0.48761162,-0.4568195,-0.39854008,0.4883015,0.6075553,0.15778685,0.46293834,0.44806892,0.42170578,-0.37320668,-0.39090917
-0.3006758,0.69750845,-0.90159225,0.6942068,0.596467,0.9064046,0.0063930624,-0.79334074,-0.619579,-0.3755694,-0.8652447,-0.028102208,-0.50567734,0.93169695,0.44037896
-0.08451386,0.5282958,-0.6414113,0.21782197,0.40934667,0.6654387,-0.21035251,-0.44495133,0.0012468315,-0.09254717,-0.39916468,0.13945821,-0.22467408,0.6276045,0.035892382
-0.19623615,0.49646375,-0.9163541,0.78197527,0.47498676,0.94113886,-0.057239857,-0.8170049,-0.39600036,-0.1894826,-0.8613266,-0.062045634,-0.6687095,0.9570861,0.40387318
0.19249831,-0.27814537,0.53685015,-0.44181514,-0.30327144,-0.5550173,-0.38456413,0.5532536,0.6022909,0.23670724,0.5293788,0.48208237,0.4892322,-0.5082304,-0.4714987
-0.05907567,0.27362707,0.18886387,-0.47075847,0.24240176,-0.22276157,-0.3047053,0.35567147,0.25954702,0.14036761,0.29980317,0.45007336,0.19802913,-0.11934845,-0.6316189
0.22560877,-0.3794817,0.5159463,-0.3102993,-0.4265597,-0.5422669,-0.357913,0.5272337,0.59893864,0.26241592,0.47066614,0.45959836,0.4727926,-0.3947924,-0.44432765
0.15680051,-0.31382373,0.31541443,-0.12031121,-0.38372937,-0.31919262,-0.34076032,0.35494298,0.47751483,0.16350716,0.24166198,0.42470178,0.3675234,-0.1139584,-0.33343953
0.21367854,-0.37227124,0.45406798,-0.26021412,-0.3944835,-0.4907882,-0.3383745,0.5004399,0.56446654,0.2647396,0.39610505,0.46066263,0.44728518,-0.30527896,-0.40319678
0.23934624,-0.45989367,0.49621084,-0.27829665,-0.46422452,-0.56059796,-0.36985236,0.56322765,0.59238374,0.31376508,0.42814884,0.5090105,0.48667264,-0.36351836,-0.46245036
-0.28100812,0.61757576,-0.7087215,0.32300016,0.47903928,0.81935084,-0.11457493,-0.47461662,-0.11705748,-0.37816128,-0.50317276,-0.042262737,-0.24615203,0.6938288,0.4517747
0.16623248,-0.22647165,0.37293434,-0.27750623,-0.24681094,-0.41054764,-0.30620265,0.43444088,0.49572602,0.2596687,0.34827688,0.44029865,0.35845277,-0.18841024,-0.46400312
0.24374807,-0.34244707,0.6244651,-0.48752415,-0.3837882,-0.63815963,-0.4066641,0.5938954,0.6684606,0.2731174,0.62146884,0.48306912,0.52403456,-0.60528016,-0.51882696
0.27037784,-0.42009783,0.68513286,-0.49660623,-0.499699,-0.69990176,-0.43333185,0.6355752,0.70185107,0.28668624,0.67491555,0.4931908,0.5621897,-0.66091526,-0.57936174
-0.17909588,0.32400873,-0.89529794,0.76154995,0.277503,0.91588163,-0.033514395,-0.69814104,-0.24704331,-0.20737968,-0.84468293,-0.052711535,-0.46934572,0.93654513,0.58820575
0.25531688,-0.35007423,0.6702453,-0.52688205,-0.41518563,-0.67607147,-0.42392206,0.6161891,0.69446826,0.26949468,0.67330575,0.48129305,0.5463374,-0.6650795,-0.55333644
0.15200824,-0.474472,0.38963306,0.0026296685,-0.5733561,-0.28329605,-0.39272586,0.3436433,0.5393084,0.07054361,0.26131082,0.40935946,0.36129224,-0.12863378,-0.24607117
0.21730627,-0.41740277,0.5860702,-0.3584016,-0.47972682,-0.5696546,-0.40761632,0.55473036,0.64348197,0.22494234,0.5485866,0.4719685,0.48375183,-0.49572945,-0.47239468
0.2475424,-0.34547195,0.6679238,-0.51028323,-0.4250389,-0.6594111,-0.42106086,0.60605544,0.69219005,0.22729231,0.66485626,0.46405393,0.5601207,-0.6698046,-0.4938628
0.2590688,-0.41331762,0.64083785,-0.45528844,-0.4711494,-0.6638947,-0.41616994,0.6140879,0.676217,0.29017037,0.6230648,0.49486578,0.54060304,-0.6005537,-0.54616463
0.2612112,-0.44086733,0.6266673,-0.40865013,-0.54069597,-0.6503796,-0.427059,0.6124258,0.68811536,0.27811685,0.62599605,0.47687334,0.5422951,-0.5934335,-0.547622
-0.028428832,-0.034506783,-0.07197949,0.005654058,-0.11258292,0.0869465,-0.36449814,0.021856751,0.19195035,0.095132455,-0.079790644,0.44374692,-0.012518489,0.36124253,-0.52318144
-0.46119544,0.73914796,-0.9640232,0.84966505,0.71688634,0.9783152,0.092218116,-0.8759249,-0.76853913,-0.5609474,-0.94440275,-0.13359292,-0.7302191,0.97421896,0.72257936
-0.3054152,0.547479,-0.9095225,0.73932076,0.49644515,0.8798636,-0.06905747,-0.7589645,-0.68963563,-0.23400594,-0.9011424,0.23791854,-0.588745,0.94470614,0.050172403
-0.08409921,0.27839124,-0.87427574,0.8204328,0.07074207,0.9043633,-0.12677178,-0.7975893,-0.30872214,-0.23475061,-0.83711666,-0.04977654,-0.5333128,0.9403816,0.4329435
0.24072978,-0.4475835,0.53488296,-0.27122262,-0.50879747,-0.5711542,-0.3674114,0.5488132,0.60656273,0.2783119,0.4718843,0.4706548,0.4899479,-0.38821983,-0.47308078
-0.58981144,0.8115848,-0.9858818,0.9417574,0.8156583,0.989539,0.30784357,-0.9415935,-0.9508116,-0.74188787,-0.98679435,-0.15286924,-0.89834684,0.991618,0.70038307
-0.23211393,0.3337963,-0.8799963,0.65492547,0.3587559,0.87105566,-0.11434927,-0.51261467,-0.3333702,-0.12563612,-0.8080475,0.20638746,-0.42233202,0.8913183,0.31832236
-0.13020766,0.370734,-0.9107527,0.7965416,0.31155708,0.9320898,-0.07151001,-0.78224,-0.2950295,-0.24837011,-0.86498046,-0.07225496,-0.52220964,0.94377744,0.61875325
0.16361779,-0.29703957,0.4093414,-0.31951916,-0.22027367,-0.46076453,-0.3331586,0.5081546,0.50016105,0.2274437,0.35648853,0.49394548,0.39156404,-0.36182392,-0.39062428
0.25335985,-0.44663322,0.41577917,-0.20475736,-0.45789838,-0.51795983,-0.3669654,0.4929499,0.5591257,0.3225371,0.34251583,0.50312483,0.45920694,-0.26272488,-0.4497687
0.210435,-0.44071475,0.6755505,-0.3972498,-0.5689376,-0.6018217,-0.45039678,0.565322,0.6930884,0.14565064,0.6483019,0.44236898,0.49628752,-0.60033303,-0.506979
-0.3954528,0.69994926,-0.9132925,0.624764,0.6452605,0.936241,-0.035233848,-0.6924221,-0.5046939,-0.41265893,-0.8322735,-0.009340863,-0.4794144,0.9079541,0.59020025
-0.2201613,0.46787906,-0.83973664,0.39323267,0.5890774,0.83476955,-0.05490615,-0.32818195,-0.14541951,-0.09799983,-0.7256528,0.16380829,-0.22007062,0.79336184,0.56780195
0.2160239,-0.29386517,0.64002013,-0.52322406,-0.36983663,-0.64138925,-0.42009613,0.60033864,0.66156334,0.2302618,0.64657474,0.47865677,0.53507537,-0.64186174,-0.54378504
-0.32867464,0.63607424,-0.94457424,0.9195467,0.3791913,0.97792614,0.0669451,-0.9228204,-0.72322243,-0.57238483,-0.92647606,-0.32392505,-0.7861008,0.97953767,0.6748912
-0.35794994,0.84444124,-0.9584082,0.8050247,0.7429595,0.9702217,0.08532626,-0.8983192,-0.7301257,-0.50707906,-0.90997916,-0.22617625,-0.64886314,0.9634528,0.6992238
-0.2738526,0.6282962,-0.9244307,0.8195223,0.43829495,0.94421434,-0.011456524,-0.83297485,-0.587864,-0.2672729,-0.8668028,-0.06619766,-0.68591833,0.96154964,0.29638386
-0.47599387,0.74887323,-0.96952087,0.9121037,0.6368619,0.9862987,0.11651465,-0.9314418,-0.835454,-0.6011539,-0.95924556,-0.24054705,-0.7911373,0.9882605,0.73068756
-0.038305853,0.1033437,-0.22901203,0.14297713,-0.042018805,0.33801115,-0.25800866,-0.08971181,0.19127098,-0.11095792,-0.18981956,0.2451412,0.09607135,0.37057278,0.027136812
-0.52293617,0.7524986,-0.97471654,0.90765184,0.75571215,0.98590016,0.14679044,-0.9131812,-0.8884059,-0.6682088,-0.97132546,-0.074780636,-0.82766813,0.9832101,0.7267694
0.21253721,-0.41581336,0.51739657,-0.3233584,-0.4526085,-0.5667353,-0.3843408,0.570522,0.58585364,0.2725936,0.46377033,0.50505483,0.50011045,-0.41656387,-0.49045217
-0.15316452,0.42190194,-0.8812357,0.8037336,0.2621663,0.94757885,-0.12680237,-0.8278665,-0.27992484,-0.4310993,-0.8204957,-0.18991347,-0.5953492,0.9291348,0.6854506
0.2849693,-0.48470756,0.69902474,-0.4645979,-0.57483524,-0.7215262,-0.44219944,0.653519,0.7083431,0.30287364,0.67596996,0.5041908,0.5771844,-0.6562606,-0.6034509
0.27037784,-0.42009783,0.68513286,-0.49660623,-0.499699,-0.69990176,-0.43333185,0.6355752,0.70185107,0.28668624,0.67491555,0.4931908,0.5621897,-0.66091526,-0.57936174
0.23574392,-0.3994553,0.5363678,-0.36538288,-0.40998864,-0.5796429,-0.37963888,0.5673047,0.61748755,0.29581386,0.49899995,0.49746582,0.4939858,-0.4548028,-0.47300708
-0.3562598,0.6275587,-0.88199675,0.7097348,0.6059602,0.89701474,0.06551013,-0.73172677,-0.6671701,-0.44529945,-0.8493446,-0.032799866,-0.7279738,0.90583396,0.20739482
0.25531688,-0.35007423,0.6702453,-0.52688205,-0.41518563,-0.67607147,-0.42392206,0.6161891,0.69446826,0.26949468,0.67330575,0.48129305,0.5463374,-0.6650795,-0.55333644
0.25531688,-0.35007423,0.6702453,-0.52688205,-0.41518563,-0.67607147,-0.42392206,0.6161891,0.69446826,0.26949468,0.67330575,0.48129305,0.5463374,-0.6650795,-0.55333644
0.2849693,-0.48470756,0.69902474,-0.4645979,-0.57483524,-0.7215262,-0.44219944,0.653519,0.7083431,0.30287364,0.67596996,0.5041908,0.5771844,-0.6562606,-0.6034509
